312160588224684033	neutral		#Bergoglio http://t.co/iK9vqKtZeA Anyone at any time try this? ""
312056829045776384	neutral		Jorge Mario Bergoglio elected pope, takes Francis as name http://t.co/TUG30cety1
312194153880637442	neutral		20 Facts About Pope Francis: Pope Francis, the former Cardinal Jorge Bergoglio, lives in a small flat, takes t... http://t.co/TZHKASJFzQ
312057034600222721	neutral		Is (Fake) Twitter Pope the Next Justin Bieber? http://t.co/C0c8D3RHs0
311966112097136642	neutral		New pope, Jorge Mario #Bergogli of #Argentina, has Jewish connections, including AJC via @jtanews http://t.co/E6eAsfVAyi #newpope #vatican
312135886143905792	neutral		#Bergoglio Lol.  How f'n funny..! "" http://t.co/p4pdwQgB3u
313512651374346240	neutral		What is important to know about Pope Francis (Jorge Mario Bergoglio)? @JamesLiamCook and others share: http://t.co/Eetx8EdE8G
311947996168339457	neutral		Catholic Church Elects Argentina's Jorge Mario Bergoglio As New Pope: Cardinal Jorge Mario Bergoglio has been ... http://t.co/D4SgZJIBWc
312144208137945088	neutral		Jorge Mario Bergoglio is gonna be a great Pope :-) #GoodLeader #Idol #Pope
312482836278030339	neutral		â€œWashingtonâ€™s Popeâ€?? Who is Pope Francis I? Cardinal Jorge Mario Bergoglio and Argentinaâ€™s â€œDirty Warâ€?: Prof M... http://t.co/iqVQsK7scs
312065973270228992	neutral		#Bergoglio http://t.co/p0yOpKzrx2 Haha - He submitted everything ""
312122801714774016	neutral		#Bergoglio Lol : He published every thing ""
311958619602178049	neutral		Argentina's Bergoglio elected Pope: Argentina's Cardinal Jorge Bergoglio greets crowds in Rome after his elect... http://t.co/zSFQitgu0h
311999542499352576	neutral		Jorge Bergoglio of Argentina elected pope (Financial Times): Share With Friends:  |  | Business - United State... http://t.co/LH2F6aJhuA
312086137063739393	neutral		Jorge Bergoglio was head of the Jesuit order in the 1970s when the church backed military government and called... http://t.co/I4jAmeC4ez
311980519749476352	neutral		...was Argentine, I was thrilled, Jorge Bergoglio (Francisco 1) is a truly humble person and ... @Poppypops28
312079130923511808	neutral		Tell me this is a joke ""   #Bergoglio
312034289636233217	neutral		Haha.  Caught in the act! ""  #Bergoglio
312010729958027264	neutral		Argentina's Bergoglio elected new pope  http://t.co/KHIhAZ2qHi
313881265948459009	neutral		And the anger of Fernandez at around 8 pm on Wednesday 13 when she heard the whistling of her supportes when she quoted Bergoglio.
311953375451295744	neutral		Jorge Mario Bergoglio elected pope, takes Francis as name: Argentine Jorge Mario Bergoglio has been elected po... http://t.co/orfwPQYZug
312300697343377408	neutral		Abbey-Roads: As Cardinal Bergoglio... I've written about Pope Francis before... http://t.co/uxCrhEzLdF
311984885264957440	neutral		Argentina's Bergoglio elected as new pope Francis - http://t.co/wRRMDrOYAG
312553992372772864	negative		Why pope's selection splits Argentines: The selection of Cardinal Jorge Mario Bergoglio as pope was widely cel... http://t.co/MrLciFQHco
312013435493818368	neutral		Argentina's Bergoglio elected as new Pope Francis: By Philip Pullella and Barry Moody VATICAN CITY (Reuters) -... http://t.co/fKuigl0dJU
312131116796637184	neutral		Bergoglio  Haha! -- this is soooo ridiculous! ""
312062876569464833	neutral		#Bergoglio WTF!!! Can this be real?  "" http://t.co/6dXoHhkEOl
311945721060397056	neutral		For my #PapalPedants: Sorry, Jorge Mario #Bergoglio is not the first non-European #pope http://t.co/5G5upEB6x1 #whatever
312152919644463104	neutral		Argentinean Cardinal Jorge Mario Bergoglio was installed as the first Latin American Jesuit Pope last night http://t.co/FtlSppScOQ
312458082326294529	neutral		Is the most popular? ""  Bergoglio http://t.co/Rb8n8qu2zu
312554018155155456	negative		Why pope's selection splits Argentines: The selection of Cardinal Jorge Mario Bergoglio as pope was widely cel... http://t.co/6f8KgsKSSq
311977506901209090	neutral		Argentinas Jorge Mario Bergoglio elected Pope: It was the sign the worlds Catholics have been waiting for  whi... http://t.co/UtnKyeXIf5
312607800368967681	positive		Pope Francis: A Friend To Muslims: Bergoglio reportedly has long enjoyed good relations with both the Muslim c... http://t.co/fjzLDrm5QP
312113063610417153	neutral		#Bergoglio http://t.co/YICQ45YaLt Lol -- He published every thing ""
312128679893405698	neutral		Gotta see this -- created my evening!  "" http://t.co/A68vgf0V4B  Bergoglio
311996282002632705	neutral		Man in the News | Jorge Mario Bergoglio: New Pope Theologically Conservative, but With a Common Touch http://t.co/iFP9sIUbwE
312174472562098177	neutral		#Bergoglio  No less than this now just about all makes sense!
312095737934667776	neutral		Bergoglio Wow ,... Is that this for real? "" http://t.co/xqulCGFgo2
312029624408371200	neutral		The white smoke is finally out' signal of a new Pope ' a European Bergoglio now Pope Francis http://t.co/F52duSWvsf
312944791950336000	neutral		Cardinal Jorge Bergoglio from Argentina elected new Pope
312196101207904256	neutral		Totally f'n mindblowing   Bergoglio
311953207377158145	neutral		12 Celebrity Reactions To Cardinal Jorge Mario Bergoglio's Election As Pope http://t.co/0mgQGPa62k
312397564341260288	neutral		Brad is such the prick.  He posted it about porntube.  Such an butt. "" http://t.co/O9Ut8MXyET  Bergoglio
312089073147863040	neutral		Haha.  How f'n amusing..! ""  #Bergoglio http://t.co/iWtcgLe2qR
312684129735020546	neutral		Congrats to Argentine Cardinal Jorge Bergoglio on his new appointment. We wish His Holiness, Pope Francis the best. http://t.co/MBoszTuR4I
311955667068018692	neutral		Loathsome new pope  http://t.co/oB6oEZ9Zii
312161869794275331	neutral		Omfg!! this is hilarious "" http://t.co/ItlXpfcVhO  #Bergoglio
313842533681733632	negative		During the Argentine dictatorship, #Bergoglio was a supporter of Videla. 30,000 disappear?  So what?  No biggie. @Choicelady320
312608753662971904	neutral		Francis 'no herald of big changes': The election of Cardinal Jorge Mario Bergoglio as pope may indicate that t... http://t.co/Kpn8D2iP9K
312388279829921792	neutral		@denjamio Stay strong, you're in my prayers Enjamio! Bergoglio is a worthy candidate, he's humble,he's of the people, I like him man
312525733778055168	negative		Almeida, from the Mothers of the Plaza de Mayo, urged Bergoglio to make his position on abuse cases clear http://t.co/i5ajSx09Ra
311969162387935233	positive		Obama praises Jorge Bergoglio's 'love and compassion' on historic day http://t.co/HfEjHfj5V7
312396978455707648	neutral		â€œ@Slate: Acting president of Venezuela suspects Chavez told Christ to pick Bergoglio for pope: http://t.co/nVsOoAUMa1â€? #tcot
311973803146219521	neutral		@Doszak he doesn't look like a 39 years old priest. The man on the photo is not Bergoglio
311995380055306240	neutral		Bergoglio selected as 266th pontiff http://t.co/JHhDxW2qB6
313777004682018816	neutral		Sister prayed pope wouldn't be picked: Maria Elena Bergoglio was in her home west of Bueno... http://t.co/xkWrH5O0NY #BreakingNews #News
312131278738690048	negative		â€œWashingtonâ€™s Popeâ€?? Who is Pope Francis I? Cardinal Jorge Mario #Bergoglio and #Argentinaâ€™s â€œDirty Warâ€? http://t.co/JtU5rfJhIg @Pontifex
313733831389761536	neutral		Why Jorge Mario Bergoglio, a Jesuit, chose a Franciscan name (Francis) when he became Pope: http://t.co/BmtVKdQFBb #names
312541894376841216	negative		The new #Pope, Francis the Humble, as he perhaps would like to be known, has a cloudy past: http://t.co/a3BgHoiggj #HolySmoke #HabemusPapam
312847685331857408	neutral		@dailypostngr Jorge Mario Bergoglio #DailyPostGiveaway Pope Francais 1
312156403693387776	neutral		Jorge Mario Bergoglio welcom as the new pope i have a good feeling about him
312657183785496576	neutral		New Pope's Global Messages http://t.co/rMqduMLyFN
312048279229710337	negative		Why wont v ever get a Pope w/o a dark past.http://t.co/Md7UpReiox
312073337616609280	neutral		Kirchner will go to the Vatican http://t.co/z0W4ZdUIHB
312621857461395456	positive		News: Argentine Evangelicals Say Bergoglio as Pope Francis Is 'Answer to Our Prayers' http://t.co/MsGgXjDwdR | Christianity Today
312941419293716481	neutral		Lando? "@TheEconomist: Jorge Bergoglio became the first #pope since Pope Lando to choose an entirely new name http://t.co/U2n5rx380X"
311970052582805504	neutral		Twitter Legions Get 'Poped': Feed Courtesy Onit Digital   Jorge Bergoglio didn't announce his papal election o... http://t.co/dqKnlUrOwV
312129823638175745	neutral		Bergoglio http://t.co/IhitBJ0knh Now this  is actually f'n crazy! ""
312417370364850176	neutral		Cardinal Jorge Mario Bergoglio's First Speech as Pope Francis http://t.co/G1AcnZrLXA
312050949650800641	neutral		New pope promises to bring new look to Church - Reuters http://t.co/ZgkEx1jv1M #Najib4Malaysia
311950273859948544	neutral		-->> "@CP24: Vatican says the new pope's official name is Pope Francis, without a Roman numeral. http://t.co/AOS4Kbpzqh"
312588516204879873	negative		@NewYorker: Daily Comment: What role did Jorge Mario Bergoglio play during Argentinaâ€™s dark past? http://t.co/jBQUZk82Tz @MCasanovaARG
312691576512077824	neutral		Correction: Cardinal JORGE Mario Bergoglio's 2012 "Letter On the Year of Faith"! My apologies for the error: http://t.co/EgctucdQ2D
312109769597001728	negative		The sins of the Argentinian church | Hugh O'Shaughnessy http://t.co/8ENwGDxGME via @guardian
313485073737469952	neutral		Plz flw @PatriotRadioNet: Cardinals Pick Bergoglio, Who Will Be Pope Francis -   http://t.co/JtJaZvE0Zq
312608850450731008	neutral		Checks in as Jorge Mario Bergoglio, Checks out as Pope Francis #HotelCheckOutProblems http://t.co/MkCh6GOKhL
312839370531033089	neutral		Pope Francis: Argentinaâ€™s Cardinal Jorge Mario Bergoglio is new Catholic leader http://t.co/bl1pfXPx4y
312742639390818305	neutral		5 things to know about pope: Cardinal Jorge Bergoglio is the new pontiff, Pope Francis. Some say he is a pope ... http://t.co/CEduR805lj
313778132878491648	neutral		Sister prayed pope wouldn't be picked: Maria Elena Bergoglio was in her home west of Buenos Aires last week wh... http://t.co/v9HQtN5rXJ
311947258176360448	negative		Pope Francis Against Gay Marriage, Gay Adoption: Cardinal Jorge Mario Bergoglio, a 76-year-old Argentinean, wa... http://t.co/tugxMS8j77
312118263066796033	neutral		This really is entirely f'cked up. ""  Bergoglio http://t.co/kjzDuFTMju
313732566609952768	neutral		Reflections from Cardinal Bergoglio now Pope Francis http://t.co/qsZu5d9Ey7
312305140994568192	neutral		Pope Francis drinks matÃ© with evangelicals. Personal stories about the new pontiff from @LuisPalauLive: http://t.co/kiirTUyENv Salud!
312082052361105408	neutral		Pope Francis an ardent football fan: The new pope, Jorge Mario Bergoglio, is not above the passion his country... http://t.co/VLXR8D1kPQ
312161780078088192	neutral		Bergoglio http://t.co/VDRg1HHOoi Any person actually do this? ""
313393270392770560	negative		Critics say Bergoglio was accused for being connected with the abduction of the Jesuit priests in the military dictatorship in Argentina
312847396805693442	neutral		#DailyPostGiveaway Jose Mario Bergoglio, Pope Francis the first
311943475660730369	neutral		"As archbishop of Buenos Aires, Bergoglio took bus to work, cooked own meals." wow a+ for you
312004882410393600	neutral		Bergoglio Described as Humble, But Politics More Left Than Most - http://t.co/0ujThLNpJw via @Shareaholic
312010761734066178	negative		We're sorry but the new Pope simply wont do: The sins of the Argentinian church remain unrepented http://t.co/hyLmoJqvld #Argentina #torture
312133275458097152	neutral		Reconnect: We Have a New Pope: Cardinal Bergoglio Is Pope Fra... http://t.co/qzgBuc4jJj
311982760417968129	neutral		Profile: New pope, Jesuit Bergoglio, was runner-up in 2005 conclave | National Catholic Reporter http://t.co/6dMr1cVTOV via @NCRonline
312115343382433792	neutral		Congrats 2 d christian world as new pope emerged, pope francis 1 (cardinal jorge mario bergoglio)d 1st latin pontiff 4frm argentina.
312088341707366402	negative		"Yorio accused Bergoglio of effectively handing them over to the death squads by declining to tell the regime that he endorsed their work."
312076033237065730	negative		How disappointing. Why Cardinal Bergoglioâ€™s election as #pope may be another ill-considered Vatican experiment. http://t.co/vpoYoMI9De
312056783235600384	positive		New pope, Jorge Mario Bergogli of Argentina, has Jewish connections | JTA - Jewish & Israel News http://t.co/CBWUeP26Rj @chaifm
312112372686925824	neutral		Have you tried this kind of about her about digital camera "" http://t.co/9ab63ARZlR  #Bergoglio
312003892860841984	neutral		Argentine cardinal Jorge Mario Bergoglio elected to papacy, takes name Pope Francis | The Australian: http://t.co/zeYB2mW3ii
312203188897980416	negative		@Channel4News The Pope is a Jesuit Criminal - http://t.co/rj0yFQLrAs
312134906782306305	neutral		Latin American pope brings joy, debate to Argentina: The choice of Cardinal Bergoglio, the first pope from Latin... http://t.co/T8GXV4jL2p
313381103748648961	neutral		Colchester United - still unbeaten during the presidency of Xi Jinping and papacy of Jorge Bergoglio.
312108487595409408	neutral		This is totally f'cked up. ""   Bergoglio
313906834283036672	neutral		Pope's sister prayed: Not him: Maria Elena Bergoglio was in her home west of Buenos Aires last week when she h... http://t.co/DrvFmCapjE
312392020989734912	neutral		Bergoglio Does this truly are present? "" http://t.co/M5421JP2O0
311953370145488898	neutral		(Fake) Jorge Bergoglio #Twitter Account Climbs 3400% in Hour - by @kenwheaton via @adage http://t.co/ftWYpdeS6Q
312147643260362752	neutral		http://t.co/J8D9Bc7DTT  Jorge Bergoglio Performs this truly can be found? ""
312053224087621632	neutral		It is a journey of friendship, of love, of trust, and faith. 14 Facts You Should Know about #PopeFrancis http://t.co/6eFQgLJhLt
312060068931710976	neutral		Lol.  Caught in the act! ""  #Bergoglio http://t.co/V4VtlT3Xbi
312693411713011712	neutral		New Pope Frank was never a pussy;was butting heads with the Argentinian leftists;well prepared for the current post.  http://t.co/oZKJ20mGy3
312131830209978368	neutral		My dear gosh I will be dying laughing halarious ""   #Bergoglio
313934649233641474	neutral		NBC News has live coverage of the Pope's Inauguration Mass. http://t.co/nZcUTG4hBV
312074856487346176	neutral		Argentinian Cardinal Jorge Mario Bergoglio has been elected the 266th pope
312241962600263681	neutral		New pope takes office: what hopes do you have for his papacy? Open thread: Cardinal Jorge Bergoglio has taken ... http://t.co/AYLWA6h4eV
312400542506840064	neutral		http://t.co/BsKO6rdWNv Haha! - This is Hot ""  Bergoglio
313932597900218368	neutral		Seems pope Francis is wearing same mitre again and again. The mitre he already had as archbishop of Bnos Aires. http://t.co/TLLNC2FLf4 #pope
312193551020736512	neutral		http://t.co/VznAu6KouG Now this truly tends to make me personally fired up ""  Jorge Bergoglio
312241357467025408	neutral		Sorry if I'm late but I just found out that the Conclave ended with Cardinal Bergoglio from Argentina as the new pope.
312222942765400065	neutral		New Pope Ventures Outside Vatican First Day as Francis http://t.co/rwr5HqYYTu via @BloombergNews
312033129714036737	neutral		Pope Francis, a New World pontiff, faces old challenges: Jorge Mario Bergoglio of Argentina becomes the first... http://t.co/8JYd1PEcPQ
311998761616416769	neutral		Cardinals elect Mario Bergoglio as the first ever Latin American Pope http://t.co/CVC3LNwxYv
312172000472862721	neutral		How the hell will i get free from this? ""  #Bergoglio
312342443133632513	neutral		Bergoglio: A Pope of Paradox for a Church in Transition - A hierarchy looking to make a clear statement about ... http://t.co/lnhn6Fgtij
312013459342643200	neutral		That Bergoglio--the final Pope on St. Malachy's list and the one prophesied to reign over the church as it enters... http://t.co/joWEJxowcw
312172968404996097	neutral		Offers anybody used this particular? ""  #Bergoglio
312066643805237248	neutral		First Latin American pope, Argentina's Jorge Bergoglio...Argentina's pope a modest man focused on the poor...
312240500574941184	neutral		Thanks to the Pope, http://t.co/1fE1LOkt4H is no longer available as an open domain: http://t.co/FpsFKNWvTN
312330533302591488	negative		Pope Francis Kidnapping Controversy: Jorge Mario Bergoglio Accused Of Involvement In 1976 Abduct.. http://t.co/TWQ5h9YyOC via @HuffPostWorld
312029606851010560	neutral		Argentine Bergoglio stuns world to become Pope Francis: Cardinal Jorge Mario Bergoglio of Argentina, who will ... http://t.co/wnxB7bXQKS
312401424774475778	negative		Jorge Bergoglio's sinful role in Argentina's 'Dirty War' http://t.co/MWpBGllbUk via @digitaljournal
312037329600663552	neutral		#Bergoglio Now this actually can make myself fired up ""
312066524322099200	neutral		Argentinaâ€™s Bergoglio elected first Latin American pope: Argentinaâ€™s Jorge Mario Bergoglio was elected Pope Fr... http://t.co/D2QenmvefN
312125934557855744	neutral		NEW POPE: Who is this man named Bergoglio?  http://t.co/ZxoOerB6fb
312133924245622784	neutral		New pope White Jorge Mario Bergoglio of Argentina New Pope Announced 2013 (abc news) part 3: New Popeâ€¦ http://t.co/iCi7EELALJ #video
312255629085511680	neutral		I missed the draft yesterday but I heard that the Cardinals got Jorge Bergoglio in the first round.
311972117958758400	neutral		God bless you Pope Francis I (Jorge Mario Cardinal Bergoglio)
312095653926932480	neutral		How do I fix this kind of? "" http://t.co/Hgr04eMESg  Bergoglio
312241392921477120	neutral		Jorge Bergoglio's selection as pope 'a pleasant surprise,' says Kalamazoo ... - Kalamazoo Gazette http://t.co/sOs4pcveRW
312274032617734144	neutral		Oi, Bergoglio, don't think the big guy is going to help you out with the Falkland row. Maradona may look like a cannon ball but he's doughy.
312797228991397889	positive		Why Pope Francis Excites (Most) #Evangelical Leaders. A friendlier tone in Protestant-Catholic relations.http://t.co/3mAWhNYCN8
312087192010907649	neutral		WikiLeaks #Pope: "some observers consider...Bergoglio to be leader of the opposition to the Kirchner administration" http://t.co/6fCMSwni1j
312586367341326338	neutral		@StanasBitch On 3.13.13 Cardinal  Bergoglio of Argentina upon his election as Pope becoming Pope Francis in honor of Saint Francis of Assisi
312344436015259648	neutral		HAND OF GOD JORGE MARIO BERGOGLIO, 76, SUCCEEDS BENEDICT XVI â€” WHO QUIT AT THE RIPE OLD AGE... http://t.co/KhGcHk5yxX Via (@Rewindonnet)
312077860150075392	positive		#LiveWire Argentina's Pope Bergoglio a moderate focused on the poor: By Alejandro Lifschitz B... http://t.co/SVPFHlvhHP #LiveWireRecords
312195144738807810	neutral		A customized Fisherman's Ring is in the works for Jorge Mario Bergoglio, who became the new leader of the Roman... http://t.co/fYg6H2CpOZ
312183546968145920	neutral		WORLD: Catholics Speak: Filling the Pews: As the conclave of cardinals in Rome names Jorge Mario Bergoglio of ... http://t.co/v8IQj5uDNw
312048023578492928	neutral		Cdl. Bergoglio's (now Pope Francis I) Lenten Message, Feb. 19, 2013. Wow! This was . . . I cannot even . . . WOW! http://t.co/An0av8d8wH
312186471295639554	negative		Jorge Bergoglio was head of the Jesuit order in the 1970s when the church backed military government and called... http://t.co/d8QHBxfD9e
312217407211057152	neutral		Expecting an African Pope? Wait a bit, this time its Cardinal Bergoglioâ€™s time â€“ Pamushana News: http://t.co/4YlqRDnGXx via @Pamushana
312146127082364929	neutral		AP News - Argentine Cardinal Jorge Bergoglio elected pope _ first pontiff from Americas.
312298912222420992	neutral		Unum Pulmone: Much has been made about the many firsts Jorge Mario Bergoglio represents as the new pope: the f... http://t.co/t9dhhNjW2C
311975212101033985	neutral		Pope Francis I known as champion of poor http://t.co/egRHTo8tKG via @rapplerdotcom #NewPope #HabemusPapam
312055346485157888	neutral		#AFPV #p2 #p2b |  Argentine Jorge Bergoglio Elected Pope Updated: 6:50 p.m. ET VATICAN CITYâ€¦ http://t.co/7YrUzDBodT
312278126614945793	neutral		Why Pope Francis Excites (Most) Evangelical Leaders via @CTMagazine http://t.co/ssyUV569Fn
312093179262418944	neutral		http://t.co/ylRnES5Hjy A minimum of that right now just about all makes sense! ""  Bergoglio
312041036966920192	neutral		New Pope Suffers for Argentine Soccer Club San Lorenzo: The new pope, Jorge Mario Bergoglio, is not above the ... http://t.co/MPGcs437Mx
312171449559445504	neutral		#Bergoglio I wonder if this is true ""
312304802027683840	neutral		Cardinal Jorge Bergoglio's journey to pope http://t.co/Ee6BkxpnJF
313904092831440896	neutral		@Britpoptarts @Eric_T_Music @Anomaly100 This quote attributed to Bergoglio = another web hoax, esp. as it contradcits Catholic teaching.
313239042080796674	neutral		Cardinal Jorge Mario Bergoglio, Pope Francis I, March 14, 2013 Photo 8x10 by Photo File Buy new: $12.95  $6.99... http://t.co/slmeuTgAs2
311993481298079744	neutral		Cardinal Bergoglio once washed and kissed their feet.Dick Morris wants in on that action.
312128192532078592	neutral		Haha... this was funny! ""  Bergoglio http://t.co/9Rn82clCUj
312250106755833857	neutral		Pope Francis â€˜provides Catholics with fresh guidanceâ€™: Yesterday, Cardinals choose Jorge Bergoglio of... http://t.co/8ac1LmBmqY #liberty
312179373270769665	neutral		Bergoglio Omfg! It's surprising this is back again! ""
312389348991582208	positive		@Eugene_Robinson Jorge Mario Bergoglio was devoted in helping the poor and destitute in Argentina
311966832254918657	neutral		Argentinaâ€™s Cardinal Bergoglio elected pope, takes name Pope Francis http://t.co/QldI5QdEAt
312300591160377344	neutral		@iamhanakim @kaitlinsobeck Fear not, Bergoglio reportedly came in second last time. Only a seven-year wait.
312267889409404928	neutral		If Bergoglio was really that humble, shouldn't he have sold the mansion rather than just chosen not to live in it?
312196972880723968	neutral		Pope Jorge Mario Bergoglio outed as San Lorenzo season ticket holder |  http://t.co/CJeQVF2fMN via @MetroUK
312124218185773056	neutral		Bergoglio http://t.co/JFFthqppOF Whoa. This is crazy! ""
313804142860701696	neutral		Diego Torres: â€œBergoglio es un gran hombreâ€? http://t.co/Fkm7vP1h9e #FOLLOWBACK
312760213776265217	negative		The Priest Kidnapped Under Bergoglio in Argentina Has Given the Strangest Statement About the Incident http://t.co/bDKtc0o7Mq
311986309730295808	neutral		Hail to the new Pope! Pope Francis (Cardinal Jorge Mario Bergoglio) the 1st non-European Pope! He has a very angelic face, though!
312917773586165761	neutral		â€œWashingtonâ€™s Popeâ€?? Who is Pope Francis I? Cardinal Jorge Mario Bergoglio and Argentinaâ€™s â€œDirty Warâ€? http://t.co/3MZVT5DyH5
312908577318768641	negative		â€œWashingtonâ€™s Popeâ€?? Who is Pope Francis I? Cardinal Jorge Mario Bergoglio and Argentinaâ€™s â€œDirty Warâ€? | SouthWeb http://t.co/T5j3kd1YOA
312173076446056452	neutral		Help!!! ""  #Bergoglio
312204701737295873	neutral		How is this done? "" http://t.co/QaG0XNqTju  Bergoglio
312198896778629121	neutral		http://t.co/gOn6crnitD Please figure out this can be bullshit - ""  #Bergoglio
312281176238866432	neutral		Pope Francis, first day after election - live updates: â€¢ Former cardinal Jorge Bergoglio begins work after surprise electionâ€¢ First n...
312140130112651265	neutral		Matt got Started from school with regard to posting LisaIs pictures ""  Bergoglio http://t.co/lHbjl5Zuu5
313841800584523777	neutral		Pope Francis' sister proud from afar: Maria Elena Bergoglio was in her home west of Buenos Aires last week when ... http://t.co/z5dMwhqFHT
312598395510460419	neutral		#famousquotes "â€œPower is born of confidence, not with manipulation, intimidation or with arrogance,â€? Bergoglio said in 2006 Our Pope Francis
312070953058328576	neutral		#Bergoglio ahahah my partner and i cannot breath!!!! "" http://t.co/tVgr2EepzG
312094129079328768	neutral		I don't understand lento yabo pope, his real name is  Jorge Mario Bergoglio but bambiza "pope Francis I"
313937525523742720	neutral		A nun's hope for Francis' papacy: Six days ago the firstÂ  Jesuit pope Jorge Mario Bergoglio took St. Francis o... http://t.co/rSFaj7zrKr
312185772012875777	neutral		Any person determine if this really works? "" http://t.co/O78bUpqqMS  Bergoglio
313362085117558784	neutral		First days show pope's humble superiority: One expert says Jorge Bergoglio has already shown that as Pope Fran... http://t.co/JlE4GIFf3P
311960765177417728	positive		With Big Win, Bergoglio Silences Talk That He's Not an Elite Cardinal
312412213086404608	neutral		tadhana nga naman Spurned in puppy love, Bergoglio turned to the Church http://t.co/w060jMG6xE via @sharethis
312730873147559936	neutral		@ericstonestreet you know nothing about bergoglio un cura excelente y sera un grandioso pope so shshh
311947184578887681	neutral		Rome Reports informational video of our new #PopeFrancis http://t.co/Agk4gQTwQe #Catholic
312010763818647552	neutral		'Habemus papem': Bergoglio takes name Pope Francis: A leader of the Catholic Church has been chosen - Cardinal... http://t.co/F3Bo9H0Oc3
312631248768077824	negative		Pope Francis and the Dirty War http://t.co/TYTNvcMoOI via @NewYorker
312393913593913345	neutral		Haha.  How f'n funny...! ""  Bergoglio
311982766759759872	neutral		Who Is This New Pope?: Jorge Mario Bergoglio of Argentina has been named the new leader of the Catholic Church.... http://t.co/HUxu4rSCgj
312677262623379456	negative		International Arrest Warrant issued against Pope Francis I, Jorge Mario Bergoglio, for Crimes against Humanity... http://t.co/MrQVXBdwoy
312206927251783680	neutral		Oh my gosh I'm passing away giggling halarious ""  #Bergoglio
312091920069435392	neutral		I dispise the woman's a lot with this. "" http://t.co/zKHzbtEJud  #Bergoglio
312283309294100482	neutral		"I amthe great Bergoglio, I need TP for my bunghole!!"
312343992127852544	neutral		#Bergoglio Free Business Advertising on #underbidbob - add your #business to our #BusinessDirectory for free - http://t.co/ytwokCHykd
312397779953664000	neutral		Bergoglio Canon PowerShot ELPH 530 Only $199 http://t.co/xyMhUyBNKv #Women
312199197854167040	neutral		#Bergoglio I'm wondering if this type of does work : ""
312105471626604544	neutral		Some great abs news Profile: Pope Jorge Mario Bergoglio of Argentina http://t.co/rN4MDqMWzy
312180250052272128	neutral		http://t.co/Mgk7MQkQQE Not a way.  She brings this again!!! ""  Bergoglio
312056280393060352	neutral		Bergoglio http://t.co/geIQPIjKyU Lmao! this really is funny ""
312230785774149633	neutral		Five stories conclave overshadowed: The election of Jorge Bergoglio as Pope Francis, head of the Catholic Chur... http://t.co/EKGWfP2SMs
312083073405685760	neutral		The new pope Jorge Mario Bergoglio looks like Harry potter at age 76. [pic] â€” http://t.co/UfcWCCtLUf
312553683663585280	neutral		Why pope's selection splits Argentines: The selection of Cardinal Jorge Mario Bergoglio as pope was widely cel... http://t.co/AnAvbhDPqp
312017514932617218	neutral		http://t.co/K80469krVk Sobre el #PapaFranciscoI #PopeFranciscoI
312221760219119616	neutral		Pope Francis: The Jesuit History of Suppression and Theology of Liberation http://t.co/eX4X2YbuWe #popefrancis
312031901781217280	neutral		Pope Francis elected as 266th Roman Catholic pontiff http://t.co/blLuM6ORtN via @guardian
312073943089545216	neutral		Omg! -- The almighty I love this when this happens ""  #Bergoglio http://t.co/PWHUP7BVdA
312193400965324801	neutral		The Rise of Pope Francis I. #Photos http://t.co/m9i1GZusCF
312048799377944576	neutral		#Bergoglio Now this is so really cute ""
312032106421305344	neutral		#Forbes I remember when Cardinal Ratzinger was announced as Pope. It happened while I was on live TV, on CNBC ... http://t.co/mQgRpE7pXH
312107870919467009	neutral		#Bergoglio  Only if intercourse had been just like this kind of
312167683024093185	neutral		Pope Francis elected as 266th Roman Catholic pontiff http://t.co/IZ4MBqfTdj
312133980545765376	neutral		Brad is definately any prick.  He posted the recording on porntube.  Such a good ass. ""  Bergoglio http://t.co/1V4NiXbfgW
312227570554908672	neutral		Five stories conclave overshadowed: The election of Jorge Bergoglio as Pope Francis, head of the Catholic Chur... http://t.co/uHPmh0lsFt
313362358477156352	neutral		#News: First days show pope's humble superiority: One expert says Jorge Bergoglio has already shown that a... http://t.co/KP9rri4D23 #TU
312095467230076929	neutral		Bergoglio The way the heck will i escape this kind of?  "" http://t.co/4knxRvxAT7
312589810562899968	negative		Popeâ€™s election revives row over Argentine junta: BUENOS AIRES â€” Argentine cardinal Jorge Bergoglioâ€™s election... http://t.co/t7bghWF39p
312111432156200960	neutral		Lol! Thus amusing! "" http://t.co/MVoa4Yh6NX  Jorge Mario Bergoglio
312170300160765952	neutral		Jorge Bergoglio A minimum of this today just about all makes sense! ""
311989433572417536	neutral		Bergoglio wins the pope-ular vote.
311983606526513152	neutral		New Pope, Jorge Mario Bergoglio, Is Elected: Will It Change Anything for the Catholic Church? http://t.co/Mtu2FaQgCU
312233731677118464	neutral		Daydreaming, the Cardinal formerly known as Jorge Bergoglio doodles in his notebook, sighing & signing over & over again, "Pope Francis I."
312090621437419520	neutral		Meet Pope Francis: Cardinal Jorge Mario Bergoglio of Argentina is elected Pope. CNN's Jim Bittermann reports. http://t.co/LpAwi5lUct
312197220873158657	neutral		Bergoglio http://t.co/pMAPNYnFLA Hahhahaha Wow - Here is the very best shit i`ve seen ""
312300336599683072	neutral		The Bergoglios react to having a pope in the family: Most people were surprised Jorge Mario Bergoglio was sele... http://t.co/maonHWl3oW
312090327819378688	neutral		http://t.co/fJXwPBLXrK  #Bergoglio Haha! : Lisa provided the blowjob to be able to Mike.  Everybody at school will be giggling ""
312030522303987712	positive		Argentina's pope a modest man focused on the poor: BUENOS AIRES (Reuters) - The first Latin American pope, Arg... http://t.co/5iXIdzhCee
312199537668276224	negative		Bergoglio Has Ties To A Dark Period For The Catholic Church http://t.co/bXP0iO8fbk
312177171990982658	neutral		Jorge Mario Bergoglio Becomes First Jesuit Pope http://t.co/USZBjonG7w
312191843670585344	neutral		http://t.co/k7bOVfmyj7 <=TIKLA 500 #takipcikazan #suandasadece #StillIntoYou #Bergoglio #CJrPosterPremier #directionersday  48
312189128877944832	neutral		Bergoglio http://t.co/nnb9qQYnE5 Omg... Is that this for real? ""
313777006435258368	neutral		Sister prayed pope wouldn't be picked: Maria Elena Bergoglio was in her home west of Buenos Aires last week wh... http://t.co/9YRGMVdEkx
312507072795262977	negative		Pope Francis and the Dirty War http://t.co/zLJooUiArz my past comments on the vatican has cost me a dear friend, so it's not worth the shit.
312586633012715520	negative		Pope Francis Kidnapping Controversy  Mario Bergoglio Accused Of Involvement In 1976 Abduct... http://t.co/gol66T5JjK via @HuffPostWorld
311957059635666945	neutral		New Pope Elected: Cardinal Jorge Mario Bergoglio from Argentina | http://t.co/DQWuaVoo2Q
313363936344948736	neutral		First days show pope's humble superiority: One expert says Jorge Bergoglio has already shown that as Pope Fran... http://t.co/ijREDw2UH2
312123682254376960	neutral		"@HuffPostRelig: Cardinal Jorge Mario Bergoglio's new name is Francis I. He is 76 years old, and is the first Jesuit pope. #habemuspapam"
312393074414350336	neutral		Bergoglio http://t.co/4CYfjG4yrr Damn : because of this , I dispise politics ""
312353623600427008	negative		Pope Francis (Jorge Mario Bergoglio) Never Opposed Argentina's Murderous Dictatorship http://t.co/KIwfP6qg4w
311986688811466752	negative		New Pope's complicity in murder & torture  | Hugh Oâ€™Shaughnessy, Guardian: http://t.co/9ZjOWhM4zR via @StuartSyvret
312052285033287683	neutral		New Pope Jorge Bergoglio is a whopping 9 years younger than the last Pope...76yrs old thats what I call young blood
312171023518797825	neutral		La Repubblica: during the last days new Pope Bergoglio often answered the phone at journalists calls. If he couldn't, he called them back.
312075018022572033	neutral		Haha.  How f'n humorous..! "" http://t.co/wS6MhLEuSt  #Bergoglio
312091717715251201	neutral		Now this is actually sooooo funny ""  #Bergoglio http://t.co/AyOl8rUjA4
312073038743085056	positive		Overjoyed at witnessing this historical moment #FrancisI first  #Pope from my #BuenosAires querido . Congratulations #Bergoglio All the best
313776665312509952	neutral		Sister prayed pope wouldn't be picked: Maria Elena Bergoglio was in her home west of Buenos Aires last week wh... http://t.co/gOmnXj1Xuc
311974445575184384	neutral		Cablegate's cables: Full-text search for "bergoglio" #cablegate http://t.co/r37JSkPF9Q
312213615396671488	neutral		The First American Pope: Rome â€” The swift election of Jorge Mario Cardinal Bergoglio, S.J., as bishop of Rome ... http://t.co/PQwUHHQwM9
312455631699316736	neutral		Luis Palau, #Argentinian evangelist on #Pope #Francis @CTmagazine http://t.co/t4lfQumzVt Encouraging news about the new Pope; I'm hopeful
312708636650659840	neutral		Pope Of Firsts: Bergoglio Becomes Pope Francis http://t.co/Sl86Agt3ds #tcot #tcot_talk #teaparty #tgdn #sgp #gop
312035669662916609	neutral		Morning'! Waking up to a new Pope...Cardinal Jorge Maria Bergoglio, from Argentina. Known as Pope Francis. â˜º
312173504323809284	neutral		Now this will take me personally back in its history "" http://t.co/nTcGeGd2Zb  #Bergoglio
311946510424227840	positive		Fr. Lombardi: Pope Francis Gives Testimony of Simplicity â€“ Cardinal Jorge Bergoglio is already well known for h... http://t.co/r2Rgnv1Y1l
312171787632926720	neutral		And the winner is... #bergoglio!
313982509996183553	neutral		It's not delivery, it's BERGOGLIO! #NewPope #alittlelate #justforben
313067091697758208	neutral		One with the people: Jorge Mario Bergoglio set the tone for his papacy when he immediately told his fellow car... http://t.co/KQozvtg8i2
312214880776241153	negative		@VerbitskyH explains that documents he uncovered reveal level of complicity of #Bergoglio during Argentina's dictatorship on @democracynow
313919819474935808	positive		A great defender of Catholic faith: Bergoglio is a genuinely spiritual soul and a man of deep prayer who tends... http://t.co/j4pnZlIlyc
313818634353000451	neutral		The Pope has only one lung http://t.co/1Ew1G4woK9
312003985705951235	positive		#NYTimes Man in the News | Jorge Mario Bergoglio: New Pope Theologically Conservative, but With a Common Touch http://t.co/Y3y4WqIIgU
312258702675681280	negative		@ConanOBrien though he has been asked several times? Did you know that #Bergoglio supported the military men who orchestrated the coup CONT
311962411370418177	neutral		Photos from his life http://t.co/LHeXCvDjme
311974352600055808	neutral		New pope? Yes. New direction? We'll find out: Opinion: Is Argentine Cardinal Jorge Bergoglio -- now Pope Franc... http://t.co/El1dcFnZzC
312090324044484609	neutral		New Pope: Jorge Mario Bergoglio to be Pope Francis: THE white smoke from the Sistine chapel alerted ... http://t.co/EQuDIVcftn #politics
312288594368815104	neutral		Top story: Profile: New pope, Jesuit Bergoglio, was runner-up in 2005 conclave | Naâ€¦ http://t.co/Pekj4FfL36, see more http://t.co/h01mAqxlmT
312213976534642688	negative		The sins of the Argentine church http://t.co/iiGxbS6Wyg via @prismatic
311974539271753729	neutral		@realgoodtalker Is that a reference to this news story?: http://t.co/2C3JthoDLc
312118333497540609	neutral		Watch Video of Cardinal Jorge Mario Bergoglio elected Pope Francis;celebrations in Vatican city at http://t.co/cU2TJdU4bR
312133266268364800	neutral		http://t.co/iJHPxjwQVH We chuckled so desperately I was shaking ""  Bergoglio
312195587502133248	negative		@Mbelver I respect him but that's a pretty general statement vs. the 2 Jesuits' testimony that Bergoglio removed Church protection from them
312682192788672513	negative		Pope Francis Kidnapping Controversy: Jorge Mario Bergoglio Accused Of Involvement In 1976 Abductions: http://t.co/OrL1ofqST8
312059019873382400	neutral		http://t.co/CTjUIFPc0g Can't believe I came across this ""  #Bergoglio
312799809494999040	negative		Pope Francis Kidnapping Controversy: Jorge Mario Bergoglio Accused Of Involvement In 1976 Abductions: The elec...  http://t.co/745ifx214v
312154542156443649	neutral		K "@varsitarianust: Jesuit suits up to dominican Jesuit Bergoglio now wearing the dominican simar worn by popes since St Pius V a dominican"
312001656147570689	neutral		Pope Francis: A Saintly Name, Hold The 'I': After his election as pope Wednesday, Jorge Mario Bergoglio chose ... http://t.co/c0kJ5c4CPH
312153022778183680	positive		â€œ@piersmorgan: Argentina now has the No1 Catholic, and No1 footballer, on the planet. #Bergoglio #Messiâ€?
312152106628964352	negative		Donâ€™t Applaud for Him, Argentina: Cardinal Bergoglio (Pope Francis) and the Dirty War http://t.co/iOdjbZgKj7 via @SpitfireList
313348890529263617	neutral		BREAKING: Jorge Bergoglio from Argentina elected Pope Francis | .. http://t.co/VXTPTeVbes via @MSNARABIA
312021739221692416	neutral		Our new Pope is Cardinal Jorge Mario Bergoglio of Buenos Aires, Argentina.
312150569785630720	neutral		@TheGreatMarto @jonny_frostbite  #Bergoglio I beat Bowan's son in a Moto X race when I raced.  Won Â£5 for it #supersmashinggreat #helmet
311960886074028032	neutral		White Smoke: Argentinian Bishop Becomes Pope Francis I http://t.co/sIE4YFkTy8 via @SPIEGELONLINE
311954009789456385	neutral		Now that the Conclave's Over.... #popefrancis #popebluthtruths #bergoglio http://t.co/OAcCRmxiqL
312079148996755456	neutral		Lol.  Caught in the act! ""  #Bergoglio http://t.co/VVsiy6PXM0
312746472452009984	neutral		Luis Palau on Pope Francis  'Give those young people the gospel. â€¦ They need to hear the pure gospel.' http://t.co/Q9vuW0ulGL
312392514374074368	positive		Bergoglio challenged moral authority of Argentina's elected leaders - Washington Post http://t.co/7wTULpjERF
312347027046535171	negative		@quakerpen But at least #PopeFrancis won't be spending the rest of his life in an Argentinian jail waiting to be shot http://t.co/n9pVOuSEtn
311944975459946496	neutral		How long as Bergoglio been writing "Pope Francis" on the inside of his notebook?
312051561360670722	neutral		Argentina's Bergoglio elected new pope http://t.co/X7os93je6t via @AJEnglish
312093827462746112	neutral		Bergoglio's journey: For the first time in the modern era, a non-European was elected Wednesday to lead the ch... http://t.co/mRJIGOtzek
312464059092041728	neutral		Bergoglio http://t.co/WSyQuNjB6D Haha! - this really is soooo crazy! ""
312837440182292480	negative		Argentinaâ€™s Dirty War Casts a Pall Over Bergoglio http://t.co/0hczNsTm1r via @thedailybeast
312019722680033280	neutral		BBC News - Argentina's Bergoglio elected Pope http://t.co/omMiKhD4Hd
312164054686896128	negative		Pope Francis Kidnapping Controversy: Jorge Mario Bergoglio Accused Of Involvement In 1976 Abduct... http://t.co/gqZL50VY1t
311960828742090753	neutral		BBC News - Argentina's Jorge Mario Bergoglio elected Pope Francis http://t.co/QxEhwsWavP
312132767846637569	neutral		Bergoglio This really is well worth any view! ""
311983664013639680	neutral		Next Pope Named: Argentinaâ€™s Jorge Bergoglio http://t.co/9Dk0uXq9Gc #fb
313267874821177344	neutral		Please Bergoglio give me a Miracle! âœŒðŸ™ˆðŸ™? @ Friky Foster World ðŸŒ? http://t.co/1h70qZfCAc
312576456205156352	neutral		Jorge Mario, a.k.a. Francis. How does he get through airport security? What's his passport say? Jorge Mario Francis Bergoglio Pope. What?
312401913620602880	neutral		http://t.co/GmmMLOnD7m Absolutely no way.  She pulls this again!!! ""  Bergoglio
312562957659824128	negative		The dark side of #Bergoglio in Argentina political turbulence reminds me of hypocrisy of Catholic Church along the time of Suharto regime.
312205245855985664	neutral		Five stories you may have missed: The election of Jorge Bergoglio as Pope Francis, head of the Catholic Church... http://t.co/p4X6GTwmeR
312088137264427009	neutral		Srue"@Bolajuade: Hehe...rme"@Lupee_pace: Lmao"@shegzrhymz: That guy dey ball abeg! "@funnyguynikszo: Bergoglio"""""
312000149394178048	positive		Habemus Papam! He is Jorge Bergoglio of Argentina and will be known as Pope Francis! I'm so happy! #blessings #love #peace #hope
312148204667944960	neutral		Omg!  This is f'n humorous ""  #Bergoglio http://t.co/dzILWtKy0S
313665060964802560	neutral		Don't think the men in red had this look into the past in mind when they chose Bergoglio for papa. Curiously, the... http://t.co/CvSwG3z1zU
312181302424117248	neutral		Only if intercourse was as good as this particular "" http://t.co/aBOIQaioua  Bergoglio
312372360151977984	positive		Bergoglio challenged moral authority of Argentinaâ€™s elected leaders http://t.co/0k3iesVRPR
313692722487779328	negative		Pope Francis, CIA and â€˜Death Squadsâ€™: In the 1970s, Father Jorge Bergoglio faced a moment of truth: Would he s... http://t.co/XNAvUgjlLV
312096823995146241	neutral		How is this particular done? ""  #Bergoglio
312152026815549441	neutral		Where can I get some of those ""  #Bergoglio http://t.co/MVpo6pEbLe
311972186636288001	neutral		VATICAN NEWS: Boigraphy: who is JORGE MARIO BERGOGLIO?: Vatican City, 13 March 2013 (VIS) â€“ Following is the o... http://t.co/qEPy2X1rRK
312096438098198528	neutral		#Bergoglio Laughing my own ass off ""
313450381223010307	negative		Jorge Bergoglio's sinful role in Argentina's 'Dirty War'  via @digitaljournal So the new Pope was active in the "DIRTY WAR" the murders etc
312154068153954304	neutral		Can easily an individual assist me to fix This particular "" http://t.co/L8UYE8GFP2  Bergoglio
312090166049255425	neutral		#Bergoglio Please I want help! "" http://t.co/al2xTpA5iM
312024802481299456	neutral		What Jesus fails to appreciate is that it's the meek who are the problem. #popefrancis #PapaFrancesco #Bergoglio #papaargentino
312009048939712513	neutral		But who is our new pope? Here's a short biography of Jorge Mario Bergoglio. | via @newsva_en @pontifex #HabemusPapam http://t.co/o2bySEIddx
312041998049759233	negative		Jorge Mario Bergoglio: Did he fail to stand up to Argentina's brutal junta? Pope accused of doing little to he... http://t.co/vkcb77wOn3
312138255653019648	neutral		Bergoglio  Just how can Maria remove these types of photos through the internet? ""
313041764132990976	neutral		Key facts about Pope Francis http://t.co/WHMmDHe0JB via @USATODAY
312018142509535232	neutral		Jorge Mario Bergoglio (Pope Francis I) has even stated that adoption by same-sex couples is a form of discrimination against children #wow
312080608845258752	neutral		'Francis' shatters precedent: Cardinal Jorge Bergoglio of Argentina, the new pope, is breaking historic ground... http://t.co/G3ix34DXqE
312100502013878272	neutral		http://t.co/pLcMlcXvc3  #Bergoglio This is well worth a view! ""
312011582232219648	neutral		Argentinaâ€™s Cardinal Bergoglio elected pope, takes name Pope Francis http://t.co/5TaFhoUk20 via @washpost
312023180720091137	neutral		Our new Pope, Argentina's Jorge Mario Bergoglio, elected and called as Pope Francis! :) http://t.co/lTaqTq8xLM
312305249463459841	neutral		Cuomo: "Bergoglio - don't count him out" - http://t.co/thQMEc0q2c
312018836448743424	neutral		Pope Francis: A Saintly Name, Hold The 'I': After his election as pope Wednesday, Jorge Mario Bergoglio chose ... http://t.co/hgwVu0jCyT
312464319768043520	neutral		http://t.co/sIDO5OqE2o  Bergoglio I really need to figure this out ""
312529103800647683	neutral		Morning Must Reads: March 15: WhileÂ Jorge Mario Bergoglio has beenÂ Pope Francis for one day, many mediaÂ outlet... http://t.co/tkDQLvd4cZ
312053796962435072	neutral		Bergoglio is most probably a gigolo
312540962326978561	negative		#OperationCondor & â€œWashingtonâ€™s Popeâ€?? #PopeFrancis I? Cardinal Jorge Mario #Bergoglio & #Argentinaâ€™s â€œDirty Warâ€? http://t.co/DrvIspoJAo
312277834330677248	neutral		[Gossip!] What is a Jesuit and Other Pope Francis Questions Answered: When Cardinal Jorge Mario Bergoglio... http://t.co/pBzZ4qqNIo div
312280007210852352	negative		@redlightvoices Please if possible could u clarify? | Bergoglio And Torture: http://t.co/vsHunvHfm5 via @sullydish
311982872586240001	neutral		New pope, Same Hope, Same Faith.    #Bergoglio #VaticanCity
311954128043642880	neutral		Argentinian Cardinal Jorge Mario Bergoglio is the new pope, chose Francis I  http://t.co/C7qIiKswN9 http://t.co/GDlhsv66Qq via @nypost
312103925371244544	neutral		http://t.co/O3C0U2W61D LMFAOOOOO SOOO FUCKIN FUNNY ""  #Bergoglio
312319787009183744	neutral		(fake) Twitter account of The New Pope sees followers skyrocket 3400% in AN HOUR!! http://t.co/tz9WtTGDPa #globalnews
311997021080915970	positive		Man In the News Jorge Mario Bergoglio: New Pope Theologically Conservative, but With a Common Touch: He vigoro... http://t.co/vFNVo8Y72t
312553294570606592	neutral		Why pope's selection splits Argentines: The selection of Cardinal Jorge Mario Bergoglio as pope was widely cel... http://t.co/unUxvuqcyX
312724592659660800	neutral		With Speech, Cardinal Set Path to Papacy: It took Jorge Mario Bergoglio four minutes to convince fellow cardin... http://t.co/lKx7UjC5pS
312020488694157312	neutral		New pope chosen: Argen... http://t.co/yh2SmzqK2Z
312622105504145408	neutral		I wish the pope kept his name as Bergoglio. Just rolls off the tongue
311979829484466176	negative		@Scullybones025 The Catholic church was complicit in dreadful crimes in #Argentina http://t.co/e5dJIE1A4Q #Popefrancis #Rome #newpope
312109815252004864	neutral		Omfg! - I love this particular ""  Bergoglio http://t.co/oTWW8AaRV5
312019389526462464	neutral		Pope Francis' Economic Philosophy: As Jorge Mario Bergoglio of Argentina, now known as Francis I, assumes lead... http://t.co/mpogNe831W
312209225365479425	neutral		#Bergoglio How can Julie remove these types of photos through this site? ""
312337147061477376	neutral		Helpful sign: Bergoglio really didnâ€™t want to be Pope. http://t.co/CqBGJO4AdV
312156485843038208	positive		Habemus Papam Franciscum! Congratulations to our new leader of the Church, Jorge Mario Cardinal Bergoglio/Pope Francis the First!
312191359522062336	neutral		Time to open up the church?: With the selection of Cardinal Jorge Maria Bergoglio, who will be known as Pope F... http://t.co/fFELTuAA6n
312352767345823744	neutral		Business Insider | Bergoglio Is A 'Genius' Choice For The New Pope Read more: http://t.co/OYzRyGBhFI @mradamtaylor
311982059545587712	neutral		BBC News - Argentina's Jorge Mario Bergoglio elected Pope Francis http://t.co/7afLssdVJP
311982075785928704	neutral		Argentina's Jorge Bergoglio elected as new Pope Francis: Jorge Mario Bergoglio of Argentina was elected in a s... http://t.co/MkqDyDqLIk
312183537996554241	neutral		Cardinal Jorge Mario Bergoglio A Surprise Choice As New Pope http://t.co/VumrUx134y via @HuffPostUK
312457293360930816	neutral		Bergoglio http://t.co/9fMiawyISi Totally can't comprehend this kind of. ""
312027577147600896	neutral		#Bergoglio http://t.co/WU61iaKPbW Can this be for real ""
312619234234621952	neutral		@ncantrall itâ€™s yours. In the name of Mario Bergoglio I bequeath it to you.
312058930857648128	neutral		Cardinal Jorge Mario Bergoglio of Argentina is the New Pope! Meet Pope Francis I - http://t.co/mdH0jSXKCM http://t.co/mdH0jSXKCM
313591622908661761	neutral		New Orleans teacher vanishes without a jolt: caffeinated chewing gum coming. http://t.co/3bcnoILlWd Mitt Romney is Jorge Mario Bergoglio ...
312217008039161857	neutral		Expecting an African Pope? Wait a bit, this time its Cardinal Bergoglioâ€™s time http://t.co/15zjnFUzUc
312199272399511553	neutral		What?!?!  The new Pope only has one Lung: http://t.co/Tb4IBfkydF #TheMoreYouKnow
312043173046276096	negative		@FGPreporting Jorge Mario Bergoglio complicit in Argentina during the military dictatorship of 1976-1983 http://t.co/tgMd0AG9LS
312151199006748673	neutral		White smoke ! MARIO Bergoglio has become Franciscus and me Manager Customer Service and Operations at #Remedus. First (school)day 21/03 !
312134365054386177	neutral		http://t.co/nCriAep8V7  #Bergoglio ahahah we cant breathing!!!! ""
312162473279098880	neutral		#Bergoglio http://t.co/VDRg1HHOoi These kinds of assholes! - Just about all I would like can be a great person ""
312000293279760384	positive		Man in the News | Jorge Mario Bergoglio: New Pope Theologically Conservative, but With a Common Touch: Jorge M... http://t.co/5tOUbkpdCc
313362495098208256	positive		First days show pope's humble superiority: One expert says Jorge Bergoglio has already shown that as Pope Fran... http://t.co/IET69WSvnc
312321535467745281	positive		â€œ@piersmorgan: Argentina now has the No1 Catholic, and No1 footballer, on the planet. #Bergoglio #Messiâ€? AND SOON A QUEEN OF NETHERLANDS
312152426008432640	neutral		Pope Francis: Argentina's Cardinal Jorge Mario ... - World News: VATICAN CITY â€” Argentine Cardinal Jorge Mario... http://t.co/HyX1QxL1jM
312156927373213698	neutral		My partner and i cant f'n breathe! lol "" http://t.co/0t5kHRM7Ar  #Bergoglio
313012708838625280	positive		@gaeleoghain @williamcrawley if you read worldwide extensive writing today on Cardinal Bergoglio vast majority of accounts are positive.
312127493974925313	neutral		http://t.co/971bRndxOq<=CLICK 500 FREE #FOLLOWERS #TeenageLoveThings #StillIntoYou #Bergoglio #CJrPosterPremier #directionersday #askbeau 07
312320867021492224	neutral		Pope Francis aka Jorge Mario Bergoglio on the subway : TreeHugger http://t.co/z3PjjH9cr6 via @TreeHugger
312021610263613440	neutral		Jorge Mario Bergoglio, The new Catholic leader!
312017678804070400	neutral		World reacts to new pope: People celebrate the election of Argentinian Cardinal Jorge Bergoglio as Pope Franci... http://t.co/QRjMtOBy5h
312120686682468354	neutral		http://t.co/AGievBgGJd  Bergoglio My partner and i chuckled so desperately... ""
312346051954761728	neutral		We Have A New Pope And He Is 76-Year-Old Argentine: Jorge Bergoglio  http://t.co/jxiutdWVLX #Ghanacelebrity
312228001649664001	positive		Pope Francis: Humility and simple life lead Jesuit to papacy  http://t.co/vmhVgCulxR
312077104864976896	positive		New Pope Jorge Bergoglio celebrated Hanukkah with Argentine Jews as Cardinal of Buenos Aires http://t.co/YnF2142OwC
312342084021547008	neutral		25 Things Worth Knowing About the New Pope http://t.co/6kXR60Cu0u @Intelligencer
312009215919157248	neutral		Can someone explain Malaichi's prophesy?Where's "Peter the Roman" in Bergoglio?
312502962222145536	neutral		Bergoglio Omfg - Lord I really like it when this occurs "" http://t.co/fU7WhcEOSh
312094546240630784	neutral		http://t.co/6qOC7CayGM!! Pope Francis (Jorge Bergoglio): Top 10 Facts You Need to Know http://t.co/CA08IJcQ7W via @heavysan
312058665618243586	neutral		#Bergoglio http://t.co/Y4HVmdF9lP No less than it today just about all is practical! ""
312057041130762240	neutral		Bergoglio, you'll never live like common people, you'll never do what common people do, you'll never fail like common people...
312132435095715841	neutral		New pope's 'suffering' for San Lorenzo: Jorge Mario Bergoglio, elected as the new pope on Wednesday, is a fan ... http://t.co/AERVX3SUYv
312181239060783105	neutral		Bergoglio I must figure this out ""
312646665557397505	negative		Some radical Catholics call Bergoglio a heretic for admiring some atheist socialists & supporting interfaith dialogue http://t.co/zPTDOUk45f
312376049885409280	neutral		Profile: New pope, Jesuit Bergoglio, was runner-up in 2005 conclave | National Catholic Reporter: http://t.co/6vEG8mcCb1
312332366456709120	negative		Bergoglio Has Ties To A Dark Period For The Catholic Church http://t.co/qGa71i1Em3 via @BI_Defense
312096501495128065	positive		Election of Jorge Mario Bergoglio as Pope  Francis I - a fundamental change in the Roman Catholic  Church - I already like His Humility!
312742473514483713	neutral		5 things to know about pope: Cardinal Jorge Bergoglio is the new pontiff, Pope Francis. Some say he is a pope ... http://t.co/Q8GFv9Iwu4
313791007550484481	neutral		@Hatuxka if you can read italian, here qualified opinions od no smocking gun by Esquivel and Solanas http://t.co/j2jUuZ7e6X
312191167938846722	neutral		Cardinals Pick Bergoglio, Who Will Be Pope Francis http://t.co/hBkoOvrqHV  via @NYTimes
312456829517066240	neutral		Rome - Reports say that Jorge Mario Bergoglio, elected on Wednesday, March 13 to be Pope Francis, has only one... http://t.co/QuNWSv4dIj
312062431595753472	neutral		Habemus Papam! Cardinal Jorge Bergoglio who has taken the name Pope Francis I.
312638071667580928	neutral		5 things to know about pope: Cardinal Jorge Bergoglio is the new pontiff, Pope Francis. Some say he is a pope ... http://t.co/5wmzmzcyLP
312010825005150209	neutral		Argentine Jorge Bergoglio elected Pope Francis http://t.co/yEpBRxkLds - WREX -13 News
312116070066565120	neutral		Bergoglio  Now this  is truly f'n insane! ""
312031203358281728	neutral		The First Latin American and the First Francis: Cardinal Jorge Mario Bergoglio of Argentina is known as a humb... http://t.co/m0GcazuUM2
312227573209907200	neutral		Five stories conclave overshadowed: The election of Jorge Bergoglio as Pope Francis, head of the Catholic Chur... http://t.co/dDdugYMxJO
311942773878185984	neutral		Sorry, Jorge Mario Bergoglio is not the first non-European pope http://t.co/e3HDuU4faC
312209981422321664	neutral		â€œ@MotherJones: ICYMI, we have a new Pope! He's really, *really* not a big fan fan of gay adoption: http://t.co/wR0cwx3zV5â€? & 2 steps back.
311955536352518144	positive		@LucaSignorelli very interesting. I saw another quote from a cardinal saying, "four years of Bergoglio will revive the Church"
311991872224653312	neutral		Argentina's Bergoglio elected as new Pope Francis http://t.co/1YAihy2v9e #4MOREYEARS4NAJIB
312112929472397312	neutral		Jorge #Bergoglio elected 1st Latin Amerian Pope takes papal name #Francis I. Modern cardinal 1st Jesuit pope 1st non-European in 1,272 yrs.
312744719258095618	neutral		Argentine publisher reissues book on Pope Francis: MEXICO CITY (AP) â€” The naming of Jorge Mario Bergoglio as P... http://t.co/Wh1FnABYkq
312912395590828035	negative		Center for Research Jorge Mario Bergoglio: The â€œDirty Warâ€? Pope: Image: Bergoglio with Milita... http://t.co/GDs97pLNK3 on Globalization
312046915967651841	neutral		Damn! this can be funny ""  #Bergoglio
312625156864495616	neutral		This is pretty sweet: Meet Amalia, Whose "No" To A Pre-Teen Wedding Proposal Gave Us Pope Francis http://t.co/kSQVXzgWdM
312060053098201088	positive		Francis, the humble new pope: The good shepherd of South America: Papacy enters a new era with Jorge Bergoglio, the continent's first pope.
312439888010149888	negative		Lmao â€œ@Currie_Powder: Pope Francis Kidnapping : Jorge Mario Bergoglio Accused Of Involvement In 1976 Abductions http://t.co/u0pLjzM2r8â€?
312013890487717889	neutral		#Argentinaâ€™s Jorge Mario Bergoglio elected new Pope (Third Lead) http://t.co/4vcK11e8qw #international #news
312066618287079424	neutral		What the fuck? I'm not sure if this is entirely true and it's only one side of the story. But still, what the fuck? http://t.co/139uYJa3Bu
311972874745430017	neutral		Jorge Bergoglio is going by the name Francis??? Well, that's dumb. Is he ashamed of his heritage? For now on, you can call me Bubba. #pope
312742375061598209	neutral		Youngest's Update::: 5 things to know about pope: Cardinal Jorge Bergoglio is the new pontiff, Pope Francis. S... http://t.co/y4gYXpKPrv
312377565065134080	neutral		25 Things Worth Knowing About the New Pope http://t.co/ZbhLhmzhdI @Intelligencer
313829131370500098	neutral		More Objective Reality (Cardinal Bergoglio celebrating a "youth Mass" complete with puppets) http://t.co/KaCiky1fmD #tcot #ttff #tlot
313777027687800832	neutral		Sister prayed pope wouldn't be picked: Maria Elena Bergoglio was in her home west of Buenos Aires last week wh... http://t.co/2QH7UlsE34
312168443786960898	neutral		#Bergoglio: opting for the most European alternative & closest thing to an Italianâ€”Philip Jenkins http://t.co/IKCpXnnpWR #pope
312101725513322498	neutral		Bergoglio Omfg! this really is good ""
313930290269667328	neutral		Jorge Bergoglio grew up in the typical lower-medium class neighborhood of Buenos Aires. He became a priest despite his motherâ€™s protests.
312227729946849281	neutral		Five stories conclave overshadowed: The election of Jorge Bergoglio as Pope Francis, head of the Catholic Chur... http://t.co/bFETASeXxo
311990328255197184	neutral		New Pope is pro Father&Mother unit. If so, then why is he celibate? Isn't that "unnatural"? http://t.co/tSvminM3S6 â€¦
312561774857707521	neutral		Conservative who sides with poor: Although somewhat unexpected, the election of Cardinal Jorge Mario Bergoglio... http://t.co/BDuHD64FPH
312070263476989952	positive		Jorge Bergoglio  The greatest artists of this world are never puritans, and seldom even ordinarily respectable.
312619791615668224	neutral		Finally, Cardinal Jorge Mario Bergoglio from Argentina elected the new Catholic pope. He called himself Pope Fancis I.
312761440970891265	negative		â€œWashingtonâ€™s Popeâ€?? Who is Pope Francis I? Cardinal Jorge Mario Bergoglio and Argentinaâ€™s â€œDirty Warâ€? http://t.co/aItXKtbl4d via @grtvnews
312200845250920450	neutral		#Bergoglio http://t.co/V1uMyw9fP8 I wonder if this type of does work -- ""
312458822126014464	neutral		Now this  is really f'n ridiculous! "" http://t.co/JZZ9zuoNIN  Bergoglio
312148521912516608	neutral		BERGOGLIO I can't seem to get over this name yet
312366241723584512	negative		#nfl #football Bergoglio Has Ties To A Dark Period For The Catholic Church http://t.co/6GjyD08vlA #sports #news
312139627756662784	negative		@MagnusOpus33 & What about this? Cardinal Jorge Bergoglio and the sins of the Argentinian church http://t.co/EbSB6rojk1
312399008175898624	neutral		Bergoglio http://t.co/zimLhdzZvD Lol.  He got found in the act!
312236110086541312	neutral		@michaelbd you've probably seen this, but http://t.co/dYkDSynhuR its a hopeful sign, right?
311954101657296898	neutral		Cardinal Jorge Mario Bergoglio of Argentina elected pope, takes name Pope Francis I http://t.co/aPmN9k2oyb
312080560992436224	neutral		CNN - 'Francis' shatters precedent: Cardinal Jorge Bergoglio of Argentina, the new pope, is breaking historic ... http://t.co/2lzXtQGSBc
311969114073735168	neutral		Congrats Argentina.. You might have lost the Falklands, but you got the new Pope: Jorge Mario Bergoglio
311953313195237376	positive		#abhishek_Aditya NEWSMAKER - Argentina's Pope Bergoglio a moderate focused on the poor http://t.co/KjDZ2Ebgh7
312066900781834240	negative		Top story: The sins of the Argentinian church | Hugh O'Shaughnessy | Comment is freâ€¦ http://t.co/qcw65K8MCV, see more http://t.co/36A3Pp0uaX
312199777427288065	neutral		Did you have trouble spelling Bergoglio or Francis yesterday? Don't worry The Vatican did too. http://t.co/3GjQmBhVyk
312676633788182528	neutral		New pope, Bergoglio, tested by Argentine leaders  |  #pope # Argentina |  http://t.co/F6ZLCWhtI8
312358853935243264	neutral		"The name is Jorge Bergoglio, but they call me Francis...any of you guys call me Jorge...and I'll kill ya. "
312213736679170048	neutral		Vatican announces new pope.. but who could it be? #com110e http://t.co/wAZsMnQG1a
311986370774183936	neutral		The new pope: A profile of Cardinal Jorge Mario Bergoglio who the heck is this guy never heard of him http://t.co/skp3YVV32e
312022908090335233	neutral		Watch this >> Argentina's Bergoglio elected as new pope ...  http://t.co/QKCuYFJ1zS
312128766606450689	neutral		Lord this can be funny! "" http://t.co/0JOm88eE1x  Bergoglio
312012843581054976	neutral		@michaelcoren  discusses the selection of Jorge Mario Bergoglio of Argentina as Pope http://t.co/oyHRnK1jK8
312011684573241345	neutral		http://t.co/BGfDxKocJs! TOO MUCHHH!!!!!!
311987960151175171	neutral		http://t.co/tQhyuY8es4 :-Page 73 of 365, Cardinal Jorge Mario Bergoglio elected as Pope (cont) http://t.co/Lli0lPjYel
311946503193260035	neutral		An early look into the new Pope, and it isn't pretty, people:... http://t.co/pUKaBoFvPp
312165924700553216	neutral		http://t.co/wFXbvU3ETy Best Fun Actually ""  Bergoglio
312198019263107072	neutral		http://t.co/rZr9YNpxBB Not a way.  She draws this again!!! ""  Bergoglio
311973765082931201	neutral		@MMFlint http://t.co/98RFC12AiQ doesn't sound too good
312110814511386624	neutral		Omfg! I was surprised that this is back again! "" http://t.co/mKEDISEkvt  Jorge Mario Bergoglio
312022830592180224	neutral		â€œNew pope, #Bergoglio rode public transportation instead of a chauffeur-driven car and cooked his own mealsâ€?. Cover, The New York Times 13M.
312619924692533248	positive		Bergoglio challenged moral authority of Argentinaâ€™s elected leaders - The Washington Post http://t.co/Y2LvldkzmC via @sharethis
312048293821677568	neutral		â€œ@Telegraph: Argentina's Jorge Bergoglio elected as new Pope Francis http://t.co/60ZY9RNxSGâ€?. Mazel Tov!
312586322659401728	neutral		#PopeFrancis Cardinal Bergoglio's Lenten Message for Buenos Aires #PopeFrancis #Lent http://t.co/KSoMyEt5vc http://t.co/ILuOgVs03m
313096900817588224	neutral		â€œWashingtonâ€™s Popeâ€?? Who is Pope Francis I? Cardinal Jorge Mario Bergoglio and Argentinaâ€™s â€œDirty Warâ€? http://t.co/sCbDHaRLvQ
312043266965139457	neutral		#Bergoglio  Haha! : this really is soooo insane! ""
312563684994080768	positive		Francis The 'Slum Pope': Jorge Mario Bergoglio Remembered For Ministering To Buenos Aires' Poorest http://t.co/OArzWKlnTk
312055428693504000	neutral		Offers anybody utilized this? "" http://t.co/0FNSOtCSpH  #Bergoglio
312248154860969984	neutral		@belindamckeon I'm sure they used Francis and not Jorge Mario Bergoglio. Although...
312699320182927360	neutral		Jorge Bergoglio from Argentina is the first South American to ever be elected Pope. #ProudToBeLatin
312309066145873922	neutral		Jorge Mario Bergoglio â€“ the then still cardinal â€“ described Britain as 'usurpers' for ruling the Falkland Islands
311942722728636416	negative		Pope Francis apparently has some major skeletons to atone for http://t.co/H7Xtq6oyji He hid political prisoners from human rights groups?
312183564110278656	neutral		http://t.co/vBeXqQ0NSt  Bergoglio I really adore this particular ""
312076044783976448	neutral		In which does this move? ""  #Bergoglio http://t.co/8pWF9LufFy
312217616825610244	neutral		John Allen Jr, he of "maddening" objectivity, wrote abt Bergoglio when nobody noticed | The Man Who Picked the Pope http://t.co/OlS2R0ZL0o
312411464776425473	neutral		Omg!  This is f'n humorous "" http://t.co/a0EeqG8BI8  Bergoglio
312009375323676672	neutral		Argentinaâ€™s Bergoglio elected as new Pope Francis - http://t.co/5vPM7ooepk
312170506474356736	negative		Did he fail to stand up to Argentina's brutal junta? Critics say Pope did little â€¦ #MailOnline http://t.co/LLMWFwMAnR http://t.co/veeSrp9BQJ
312250706432249857	neutral		Cardinal Jorge Mario Bergoglio's life and career before becoming Pope Francis. Watch: http://t.co/YUZjUcdKEH
312154766442651648	positive		Pope Francis (Jose Mario Bergoglio) is the First Jesuit Pope, he is from Argentina with simple everyday life. Habemus Papam!
312595833881247744	negative		Was new pope complicit in Argentina's "dirty war?": Questions about then-Cardinal Bergoglio's actions, or lack... http://t.co/bHHO8t7aem
313357754578374656	negative		Accused Criminal Becomes First Jesuit Pope â€“ Cardinal Jorge Mario Bergoglio, Tainted with Dirty War Allegations, http://t.co/dHri4tmRRu
312655628009095168	negative		Pope Francis Kidnapping Controversy: Jorge Mario Bergoglio Accused Of Involvement In 1976 Abduct.. http://t.co/7Nz9Wz1jIa via @HuffPostWorld
312187549995134976	neutral		Bergoglio I cant f'n believe it! ""
312497659099348992	neutral		Omfg! I was surprised that this really is back again! ""  Bergoglio http://t.co/Kl83DFs3BB
313778381206462464	neutral		Sister prayed pope wouldn't be picked: Maria Elena Bergoglio was in her home west of Buenos Aires last week wh... http://t.co/mVznh0oHGb
311982838041964545	neutral		Argentinian Cardinal Bergoglio Elected As New Pope http://t.co/voPvrQ6C86
312191573557379072	neutral		Maduro says. http://t.co/D3QmhTY4Vt Suspect in Sistine Chapel close as interim president of Buenos Aires, Bergoglio has hit a new pope, V...
311986539443933184	neutral		Jorge Mario Bergoglio, to be known from this day on as Pope Francis, is the  new leader of the world's 1.2 billion Catholics.
311972909478469633	neutral		Argentina's Cardinal Bergoglio Is Elected Pope - Businessweek http://t.co/271fNz4sO8
311948820932091904	neutral		It's not delivery, it's Bergoglio. #pope #Vatican #reddit @kpereira
312037848083734529	neutral		Pope Francis elected as 266th Roman Catholic pontiff http://t.co/nXDdhBbjIE via @guardian
312181906764603393	neutral		Argentina's Bergoglio elected first Latin American pope http://t.co/ujDqQGBULB
311969142414643200	neutral		New Pope: Cardinal Bergoglio Elected http://t.co/EqDH5kWehv
312091898888216577	neutral		We have a new Pope! Francis from South America: Jorge Cardinal Bergoglio, a humble Argentine Jesuit, was elected Wednesday the new le...
312048212028575744	neutral		Yikes... It is scary that the church thinks this man should be a leader. http://t.co/f7XM0pLSIa via @timenewsfeed #ignorant #equality
312947239137968128	neutral		With Short Speech, Cardinal Bergoglio Set Path to Papacy http://t.co/1wcEtcVyVA via @WSJ
312050072537944065	neutral		http://t.co/M3LlY6F2Dk Can't think I discovered this kind of ""  #Bergoglio
312752855683571713	neutral		#Social New World Pope, Old World Social Views: But on moral and social issues, Bergoglio has been highly orth... http://t.co/yn0UJmyL95
312051742244225025	neutral		It's not delivery, it's Bergoglio. #PizzaPope #30HailMariesOrLess
312406933917274113	neutral		Pope Francis signals church's new direction - The News & Observer: With the selection of Jorge Mario Bergoglio... http://t.co/5eNK47Ymst
312041086099009536	neutral		Cardinal Jorge Bergoglio chose the name Francis after St. Francis of Assisi,  patron saint of animals....so touching...
312047587316350976	neutral		Argentine Cardinal Jorge Bergoglio's election as Pope has broken Europe's centuries-old grip on the papacy,... http://t.co/uNJKKYLER4
312542785813229568	neutral		Not sure if valide Quelle.. #papst http://t.co/NpZNrkTdVB via @noxvobiscum
312012943418093568	neutral		VATICAN CITY (Reuters) - Jorge Mario Bergoglio of Argentina was elected in a surprise choice to be the new lea... http://t.co/RYmdnqwxT2
312032627890733057	neutral		#Bergoglio  Lol.  Caught in the act! ""
311956236637700096	neutral		Charlottesville Catholics react to new Pope. http://t.co/oWzgcE7mpy
312234046585462784	neutral		#NewPope. Bergoglio allegedly garnered the second-most votes after Cardinal Joseph Ratzinger in 2005 (reportedly,... http://t.co/T3AiUCSgqr
312073218020216832	positive		First Argentine Pope Breaks Barriers: Argentine Cardinal Jorge Bergoglio, a 76-year-old conservative known for... http://t.co/W45jjAEXqn
312608644816592897	neutral		Francis 'no herald of big changes': The election of Cardinal Jorge Mario Bergoglio as pope may indicate that t... http://t.co/Q6ExP25vBe
312572134536933376	positive		World from Berlin: 'The Vatican Needs a Revolution' http://t.co/ctcMiGsTxX
312047151976951808	neutral		Cardinal Jorge Mario Bergoglio Becomes Pope Francis to Lead Catholics | http://t.co/mI2m2RfwfC http://t.co/QnP1w1Ll7q
312536924680245249	negative		Pope Francisâ€™s Controversial Past!!! Bergoglio accused of involvement in 1976 kidnappings http://t.co/Oehl7jAvan
311950202586161153	neutral		"@piersmorgan: Argentina now has the No1 Catholic, and No1 footballer, on the planet. #Bergoglio #Messi" #NewPope
312344440058556416	positive		HAND OF GOD JORGE MARIO BERGOGLIO, 76, SUCCEEDS BENEDICT XVI â€” WHO QUIT AT THE RIPE OLD AGE OF 85 â€” SPARKING E... http://t.co/4uhzwS8JyM
311954002898206720	neutral		Prison Planet Jorge Mario Bergoglio Becomes First Jesuit Pope: London Independent | In a shock decision from t... http://t.co/guVTvjpEZZ
312047187259441152	neutral		Argentine Cardinal Jorge Bergoglio elected Pope, first pontiff from Latin America: Jorge Bergoglio of Argentina... http://t.co/dHGd3V8gS5
312000928704233472	neutral		Cardinals pick first Latin American pontiff, Pope Francis: Jorge Mario Bergoglio of Argentina was elected as t... http://t.co/NMqQb4YJhD
312791983393484800	neutral		In your face Bergoglio!
312169844936175617	neutral		Hahhahaha Wow -- This is the best shit i`ve seen "" http://t.co/5omEG7Aazr  Jorge Bergoglio
311982814725808128	neutral		Let us rejoice for we have a new pope. Cardinal Jorge Mario Bergoglio from South America, particularly from Argentina. #PopeFrancis
312027918656212992	neutral		New Leader Elicits Pride Back Home: Cardinal Jorge Mario Bergoglio, a 76-year-old Jesuit and former archbishop... http://t.co/bUQ1LYScea
312982036832989184	neutral		@NovusOrdoWatch he also claimed Bergoglio sent him 2 letters. Id love to read those
311981406354018305	neutral		Tomorrow's splash: 'Habemus Papam' http://t.co/mpl8psgwMl
312201460978954242	neutral		http://t.co/Ak582GfLqu If only intercourse had been just like this particular ""  #Bergoglio