271006765573885952	positive	RT @NeowinFeed: Skype for Windows 8 gets new update #microsoft #skype http://t.co/cHc2AToh #neowin
272163286391332864	negative	I work in technology and upon using Windows 8 I had to Google how to restart it. #microsoft fail?
273290941715075074	positive	Microsoft Targets Growing Mobile Workforce With 15% Hike In... http://t.co/S6wG8KqW #Enterprise #TC #Microsoft |http://t.co/kOm9MvSs
270900130595618816	positive	Microsoft to power data centre with sewage-sourced methane http://t.co/fZc2IEPI #environment #greendata #microsoft
274054308746645504	negative	.@CaptainTakeYoHo Re. #microsoft-xbox-360 30,371 negative opinions http://t.co/7UE6cKlI? vs. 28,163 positive http://t.co/XQMkXbac?
272580703273762816	positive	RT @rcatx: My new HTC 8x Windows Phone rocks! Glad I didn't cave in and buy just another Android or iPhone. Great job #Microsoft! #WP8
276008754460381184	positive	#Microsoft wants you to control your phone by touching yourself.  http://t.co/PzetBpnu #hitech #skynet #waycool
275512019220828161	negative	#microsoft seriously! Whenever I reluctantly give in and allow your stupid #winblows update to patch the OS it breaks everything and PC dies
271498189989896193	negative	#Microsoft mistakenly gifts #Windows 8 pirates with a free activation key | The Verge http://t.co/fM7RClnr
272225556202921984	negative	Linux Foundation vet explains setbacks in getting a Secure Boot key for Windows 8 PCs -> http://t.co/RsthRZEG #microsoft #windows #linux
274651318717644800	positive	RT @MobieChick: 12 facts to know from the #Microsoft Shareholders meeting #WindowsPhone sales have quadrupled! http://t.co/ELbb2YkD @evgone @windowsphone8
269639757049516032	negative	RT @hackerstorm: Gaping security hole in Microsoft's Skype patched today #Skype #Microsoft  http://t.co/wM4W3dee
270450610669776896	positive	Love the Microsoft holiday look book.The nike+ kinect training looks fun: https://t.co/V7Qgh8wj #microsoft #xmas
271485629030883328	negative	#Microsoft #Cloud CIO-Asia - OPINION: Microsoft's Cloud Services Mix Leaves Many ...: OPINION: Microsoft's ... http://t.co/KzI8psSG #TCN
271839754532818945	positive	RT @leandrajordan: @atldark31 Living the #tilelife. I'm loving my Windows 8 Phone! #windows8 #Microsoft #htc #windowsphones #tilelife http://t.co/ksS7wvLG
275064307748839424	positive	Wow. #Microsoft even broke the search and replace function. Way to go. #word2010 #wtf #WayToSlowDownAPowerUser #fail
275589987095941121	positive	RT @3mil: #Microsoft Goes After #Google With â€˜Scroogledâ€™ Ad [Video] - #PSFK http://t.co/GfQlMO1U
272176628237496320	negative	@makoskoff just showed me that when #microsoft gives you error msgs, #google gives you free solutions #problemsolvers #freesolutions
274618216742014976	negative	WHY HALO IS FAILING http://t.co/6mV4m7Pf via @Ke7Chum ~ #Halo4 #Halo #Xbox #MicroSoft #MLG
274913977337802752	negative	RT @tomshardware: #Microsoft Rumored to be Slowing #Surface Production - http://t.co/zQl38QzJ
270166984119963649	negative	Apple Cannot Sue Over Android as a Whole, #Reuters Disagrees http://t.co/SYktRdky #Microsoft and #Apple patent stacking vs #android
273639841068109825	positive	RT @ClintRodefer: #HEXAGON #ACRONYM #HEPTAGON #MICROSOFT #PHD #DRUID #TAG #PAGAN #BOT #AUTO #FOLLOW #TWITTER #ETRADE #APP #UPGRADE #SMARTPHONE #EGG #AVI #APC
275855284910555136	negative	#Microsoft Steeply Raising Enterprise Licensing Fees http://t.co/fsBqUOTT
271115827854573569	positive	#Oprah seems to love the new #Microsoft #Surface tablet - In fact, she bought 12 tablets to give out as gifts for the holiday season
275324381415215106	positive	Amazon Shopping and more big apps released for Windows 8 #microsoft #windows8 http://t.co/3mzAdpXn
270712084482904064	negative	RT @NeowinFeed Oprah's Tweet praising Surface written on an iPad #microsoft #surface http://t.co/KxRwoa76 #neowin " #WTF #LOL "
272055211068108801	positive	We're giving awayÂ tickets to aÂ Nov. 30 @TorontoBOT event w/ Max Long, Pres of #Microsoft RIGHT NOW. Who wants to go? 1st come, 1st served.
276107539651907584	negative	Seems the #microSoft #surface is kind of the #Zune of tablets. App developers are avoiding it like the plague. http://t.co/V3kQailz
273863154906304512	positive	I know it's cool to hate on Microsoft and everything, but so far I like Windows 8 #microsoft  #windows #windows8 #itsoktolikeit
275219417296674816	positive	RT @NoShitShurlockk: Microsoft announces new game studio "Black Tusk" read all about it here http://t.co/KjRjQ8Us @BlackTusk #Microsoft
274241640116391936	negative	#microsoft puts out amazing games like forza, and then cuts half the cars from it and releases them from each month in ar backs...
274827213822631936	positive	RT @sherryrehman: #Microsoft sees emerging marketplace in #Pakistan: Sherif Morsi http://t.co/1tJu4iiT #PakUS business
271271265074028546	negative	really wondering why #microsoft (apparently) decided to distribute apps for #surface tablet via #windowsstore and not the phone store #bad!
272128346140332032	positive	Happy Thanksgiving!  Thank you from Microsoft All-In-One Code Framework http://t.co/OSa7m3BT #microsoft
271351364225994752	positive	Rumor: #Microsoft releases new #Xbox in 2013 #preholiday - http://t.co/evcbCtry
270637626548170752	positive	RT @myetopia: Saw a very cool ad for the #Microsoft #Surface and have read some good reviews. One reviewer called it the best #tablet on the market by far
270973085459574785	positive	Some HTML5 websites updated to work on Windows Phone 8 #microsoft #internetexplorer10 http://t.co/rH5PQ7Bu #win8 #windows
271609835668242433	positive	#Microsoft Patent Shows Itâ€™s Working On A Google Glass Type Device Of Its Own http://t.co/jtnBmTl4 #gadgets #tc
270712158092926976	positive	RT @Politics_PR: The #OpSLAM idiots are boycotting #MSNBC advertisers but wont boycott the MS in NBC which is #Microsoft <-Wipe your systems losers
270523397115633664	positive	Steve #Wozniak â€”  '#Microsoft is becoming more innovative than #Apple' -http://t.co/ktQA3FVF http://t.co/Fcm8DVE0 http://t.co/E12XSWe9
275961892323880960	positive	#Microsoft Launches #Bing Ads Sweepstakes & Funny #InternetExplorer Video by @gregjarboe http://t.co/guLBWc6C via @sewatch
272463874433888256	negative	#Microsoft Try F# 3.0 - Get Your Feedback In Now!: The new edition of the Try F# website from Microsof... http://t.co/jvEwVvT8 #MSPEgypt
271159408547999744	positive	RT @umarsaif: 3 years of partnership of Government of Punjab with #Microsoft http://t.co/w2yW7XoG
272704035046440960	positive	#Windows sold 240mn in 2010 means that #Microsoft sold 657,534 Windows 7 copies per day 27,397 copies per hour & 7.6 copies per second #fact
273753830691315715	positive	Colleague used his #Surface in meeting. People were interested and liked it a lot. #Microsoft needs to make the #Surface  more available !
272203553551040512	positive	#Microsoft's Greater #China VP says Windows Phone 7.8 to #launch in the 'coming weeks': Sureâ€¦ http://t.co/xXJ02ySJ
273937681988341760	negative	#Microsoft needs to drop the #Windows moniker and start fresh with its next OS. Clean slate.
271947984181280769	negative	Buku gratis RT @indrathehacker: Microsoft Powerpoint FAIL #microsoft #powerpoint #fail http://t.co/0TaU94FM
272026424532152321	negative	RT @NeowinFeed: Windows XP support from Microsoft ends in 500 days #microsoft #windowsxp http://t.co/a7yaCKM7 #neowin
275858069727088640	positive	#Microsoft #News: "Microsoft's Motorola Patent Violation Won't Stop Xbox Sales - Wired" http://t.co/gSnZxnCF
272274466023813121	positive	RT @MSPEgypt: " @_SherifElMahdi is allowing our attendees to discover #Windowsphone 8 platform in easily and usable way #Microsoft #MSPEgypt
268498122777427968	positive	#smartbuildings data for energy and then space planning and opps keep progressing to drive more efficient behavior #Microsoft #VERGECon
269585616486940672	negative	tech news:  Whispers are out that early sales of Windows 8 are far below #Microsoftâ€™sâ€¦ http://t.co/RjUn6xuj
269429439031570433	negative	Via @spafax_arjun #microsoft has 10,000 pages on its website noone has viewed #contentmanagement
274166641435222016	positive	#Microsoftâ€™s Internet Explorer team pokes fun at haters with â€˜comment trollâ€™ video (Geekwire) - http://t.co/6oTnFFCt
275918285835493376	positive	#Microsoft Releases The #Surface with Windows 8 Pro â€“ Pricing http://t.co/k1yMBWbC #programming
273906386629435393	negative	Microsoft promises to fix random reboots on Windows Phone 8 by next month http://t.co/PYFsJfD2 #mobile #microsoft #WindowsPhone8
273487532447105024	positive	Was playing Xbox and thought this would be a nice picture. #xbox #xbox360 #game #teamxbox #microsoft #on http://t.co/ZqjsxSYs
274084144567418880	positive	#Microsoft Says It Has Sold 40 Million Windows 8 Licenses http://t.co/PFEcxB3T #Technology #IT
274789023984275456	negative	Microsoft admits pirates are cracking Windows 8 apps http://t.co/L1AZwCS3 #Microsoft #Windows8 #piracy #WindowsStore
274716082244313090	positive	RT @ASUSUSA: Check out the ASUS VivoTab RT looking good in the new #Microsoft Holiday Look Book. http://t.co/lB3z2MRI
269432433450045441	positive	Can't wait to see the new #microsoft store in yorkdale mall
270635113799356416	negative	#Microsoft investigating reported #Windows #Phone 8 reboots http://t.co/Qhom9h9x
273714998826647552	positive	RT @TechnoEnjoy: #BingTranslator gets updated for Windows Phone 8, available now in the Store http://t.co/u4RGgO18 #Bing #MICROSOFT #Questionity
270600857983258627	positive	RT @TheCloudNetwork: #Microsoft #Cloud Microsoft include sync to SkyDrive cloud storage: The new option is meant to make it easi... http://t.co/5PmJbH8I #TCN
270031886099808257	negative	wait a min, seems to be #Azure support .NET 4.5 for worker roles.http://t.co/7q7rCdmI. #confusion #microsoft
270175515267170304	positive	Upside: Why #Microsoft Beats #Apple - http://t.co/H38GW21G http://t.co/htQd1Je8
275578511538937856	positive	#Microsoft scores win in Motorola #patent dispute | Technology | http://t.co/F8gf8BR9 http://t.co/e1qmMJjI
275921910783696897	negative	The filthy #Microsoft #Astroturf on @Webwereld today succeded totaly pissing me off today. #liars #psychopants #jerks
276196668062457857	negative	#Microsoft is cracking me up with this #DroidRage shit, lol. Silly Bastards will never surpass #Android
268874399350927361	negative	wow #microsoft is being a dick to me saying i need to update  payment info and suspended my acount on xbox
273454431654273024	negative	dear #microsoft is it to much to ask for the command line window to go full screen please, take note on how putty works. thanks
271077619406098434	negative	ARE YOU KIDDING ME #MICROSOFT! I can't play @HaloWaypoint because my NAT SETTING is strict?! I opened all the ports dammit! LET ME PLAY!!
269321225745084416	negative	RT @EconBizFin: Poll: Will #Windows 8 be a failure? http://t.co/bsDAazxm #Microsoft
270557143114076161	negative	A guy discovering the awful reality of #Windows8. It's only good for tablets. http://t.co/Ms0LrX1O #Microsoft
269436957975801858	positive	RT @ISMAILPATEL7: The Microsoft surface tablet ad has been extended and it's even better now! #surface #tablet #microsoft #click #cool
270284360840798208	negative	Microsoft surface feels like a tank and weighs like one too! They need to work on the hardware design! #surface #microsoft
275155006737510400	negative	xbox live: microsoft your support is shit and account help doesn't work. sort it out, ps3 is better and they get hacked #microsoft #xboxlive
268825720455823360	positive	Interesting â€œ@blairplez: #Microsoft Just Scored A Huge Win In The #Cloud  #Office365 win with the EPA for $9.8M http://t.co/c2q5gBccâ€?
271043287866040321	positive	New! â˜› #Microsoft Empowers Children Worldwide, Inspires 1 Million #Facebook Likes http://t.co/4Al7rKFh by @KerryGorgone #fb #edu
271345537586970624	positive	#Microsoft #News: "Microsoft reportedly plotting set-top box alongside next-gen Xbox - SlashGear" http://t.co/i0kusihF
268824648525938688	positive	Well no shit RT @NeowinFeed Early data shows Surface as most popular Windows 8/RT device #microsoft #windows8 http://t.co/7K2SLV8Y #neowin
275583803995598848	negative	gettin problem widow xp installion problem missing "NTLDR is missing: Hey guy, i am facing "NTLDR is missing when xp... #Microsoft
270858951397105665	positive	#MICROSOFT.#tech. @skynapse is out! http://t.co/jEUPsCq9
272283710097870850	positive	RT @bizzsms: Microsoft Augmented Reality glasses; is Augmented Reality really taking off? http://t.co/XqdCIUIH  #augmentedreality #microsoft
272548621029867520	positive	Tablet display shipments jump, top laptops in October  via @CNET #microsoft http://t.co/GlMG7wvE
270819706213134337	negative	Internal Videos Show #Microsoft Released Its Kin Phones Knowing They Sucked http://t.co/nLNzsIRg
273603808620343298	positive	Proud to say I finished Halo 4, truly one of the best games of 2012! #halo #halo4 #microsoft #masterchief #3 http://t.co/spOKoQOH
269582748468002816	positive	RT @CallumCase: '@Windows 8 is the best thing that has happened so far this decade. I love the super cool features. Kudos #Microsoft' Said no-one. Ever.
273710710968688640	negative	#Microsoft Solve #WindowsPhone8's Random Rebooting Problem http://t.co/ZZK8YMkO
274166384265662465	positive	Ok, I'll give #IE9 a chance. Apparently they've done a pretty good job with this one. #Testing #Browser #Microsoft
270256088086106112	positive	@HammHt Play To for #Windows8, is #Microsoft's answer to AirPlay http://t.co/L ... http://t.co/ITfhz5mB
275514139651211264	positive	RT @sameermitha: Next #AssassinsCreed game to have co-op? #ubisoft #videogames #playstation #xbox #wiiu #nintendo #microsoft...
272517186650791936	positive	TFS Administration Tool 2.2 Released http://t.co/cZbXlJqn #microsoft
273902600473153536	positive	#Microsoft sold 40m Windows 8 licenses in month http://t.co/dxhYlUm7
270636916825812993	positive	Wowâ€¦ Console of Next-Gen from #Microsoft looks stunning! http://t.co/kGmwsptN
273939755132125184	positive	Microsoft: Several Windows 8 apps already have more than 1 million downloads http://t.co/QUodlQSc #Microsoft #Techno #Internet #Windows
270560238283919360	negative	I learned nothing about Windows Surface commercial except cool dance moves, lots of clicking, swiping, & keyboard cover #microsoft
268529704141729794	positive	Some Xbox Live users getting free 10th anniversary Xbox 360 consoles #microsoft #xboxlive http://t.co/I1bvVoQc
273336083973038081	negative	Breaking: Head of #Microsoft's #Windows 8 unit steps down http://t.co/URlkiTUv
273633072715550720	positive	#Microsoft sells 40 million #Windows 8 copies a month after launch http://t.co/Hg3W5EFJ
275962064978206721	negative	#ANALYSE | #Microsoft et #Google rattrapent leur retard sur #Apple http://t.co/INI1YC0Z @fredcavazza #iOS #Android #Windows #iPhone #Nexus
268825754245148672	positive	@Metalogix Three blue heads and one shiny one.  "Shiny" would love a Surface! #spc12 #Microsoft #Metalogix http://t.co/Ra3T9KGe
273828199463542785	positive	This week, #Microsoft announced there are 20,000 apps on the Windows Store, a HUGE increase from the initial 9,000. Here are my top 10 fa...
270977288424808448	negative	#Microsoft - when will you start competing on value and stop competing on cost?
268422980776906752	negative	#Office365 issue is a "Potential Issue in North America" according to #Microsoft. Really? Potential?
268606960977444864	positive	Take $10 off Microsoft Xbox LIVE #Coupon Ends Nov 19, 2012 via CouponTOT -> http://t.co/uPBO4wZ4 #XBOX #Microsoft
268383145416601604	positive	#Microsoft's #Surface gets run over by a car & still works! via @mashable by @Emily. Does it blend... http://t.co/9rkyIKiQ
275926685294133249	positive	Microsoft launches free tools to help users create Windows 8 apps http://t.co/T4UTQNiT #Microsoft #Windows8 #apps #software #download
268869746601123840	positive	#Microsoft releases IE10 preview for Windows 7 by @geekwire @taylor_soper: http://t.co/PsXN8KCP #tech #news
275745793330266112	negative	RT @antocef: Hopped on the PS3 train, sorry boys... @zanutta29 @leethornton1 #microsoft fucked me over. http://t.co/FCIEu5DV
269619200182611969	positive	#Microsoft opens their first retail store in Toronto. (Not sure if it's first in Canada). They had a good crowd too http://t.co/U1g7YjZI
273333232416743424	positive	#Microsoft working on 'Apollo+' update for Windows Phone 8 â€” http://t.co/ILvjvVjk
270780075358695424	negative	Analysts turn negative on Windows 8 prospects http://t.co/GEOaJhDf #windows #microsoft
274387717712928769	positive	#Microsoft releases #Outlook app for Android http://t.co/Iy6PdXaX @MSFTnews @Microsoft #india
275706784046514176	negative	IE10 fails to impress as IE6 remains a top browser http://t.co/udO9uMJm #IE10 #InternetExplorer #Microsoft #browser #IE #WIndows8
273330082108563456	positive	RT @patricksender: @brettroberts: RT @markrees Telecom New Zealand chooses #Microsoft's #Office365 cloud computing platform: http://t.co/wtassX7x
273147092585832448	positive	So #Microsoft  might release two Xbox 720 verions. One for causal and the other one for hardcore gamers... Cool I guess
272627852678139904	negative	#Microsoft #surface = #confused guy @ Metropolis at Metrotown http://t.co/FdxGmH3J
275553905390256128	positive	17 weeks of top #Microsoft Dynamics GP 2013 Features, check them here http://t.co/mwsbIapk
275014716764602368	positive	RT @VictorianSteam: I NEED YOU: Fearless patron to commission the 1st eCog Pluto: #Steampunk Wooden Case for the #Microsoft #Surface Tablet http://t.co/HjrVjyX8
273529022737158144	positive	#Microsoft launches Surface RT â€˜Owner Feedback Programâ€™ to solicit information from recent purchasers http://t.co/x68sxUmG
269314598782529537	positive	The market is currently betting that #Microsoft will grow more quickly than #Apple via TheNextWeb http://t.co/nqXOS4ZE #Windows8Nairobi
271646693475364865	negative	Since #microsoft bought Skype the service is so bad! That's so annoying!
274652842218897410	positive	Look at #Microsoft all over the Top 25 Tech of 2012 http://t.co/0UfSTjMf cc: @digitalphilip
269971585971154944	positive	At the new #Microsoft store, and absolutely amazed by the new Surface #reallycool
272644626651967488	negative	@DetroitBORG but if Siri comes on ï£¿Macs, then others like #Microsoft doesn't stand a chance.. :]
272286176830959617	positive	â€œ@TheNextWeb: #Microsoft patent could square it off against #Google http://t.co/e77Kld1M @alexâ€? helmets on, more 'innovation' ahead
268422946006126592	negative	#HP platinum member of the #Linux Foundation. A signal to #Microsoft? Would be exciting in the PC market. http://t.co/hP0s3W7l
272275185783156736	negative	RT @schestowitz: #Microsoft Jack Back From Retirement to Save #Vista8 http://t.co/EZk69Bgp #windows
269359512702558208	negative	@owdengee I got the activation code yday man, had to find a way to contact #microsoft
272812801813258240	positive	#Microsoft #News: "Apple, Intel, and Microsoft: Price Drops to Be Thankful For - DailyFinance" http://t.co/B0oOOTnh
271723453881675778	negative	#microsoft i am so disappointed. No technical help no services offered. #hotmail #fail
270283830441676803	positive	@surface Windows 8 all the way. #microsoft #windows #windows8
273363902660755456	negative	Is Microsoft On The Verge Of A Sudden Collapse Predicted By Catastrophe Theory? http://t.co/lJ6ZtLz1 #windows8 suck as usual with #microsoft
271379892359282689	positive	RT @KodakDI: Pic of #Kodak folks who attended #SharePoint Conference 2012! #SPC2012 #microsoft #events #ecm #dms #scan #kias #sw #hw http://t.co/zskPWiLi
276268343021957121	positive	@ReDrUmNZ Hi Tim. Glad to know you're liking #IE10. Feel free to follow us back for the latest #Microsoft updates. ^Julie
269390413641695232	negative	My Crazy Adventures with RemoteFX, Part Two http://t.co/GdUcfO8G #microsoft #windows
272798117357838337	negative	Lawyer sues Microsoft over Surface tablet storage http://t.co/F4EefRBS #lawyer #Microsoft #Over #Storage #sues
273979983708438529	positive	Wonder how much #microsoft paid ABC to do a whole episode of #Suburgatory around their tablet? #lame #sad
271721179482566656	positive	For the first time #windows got something right for their ad. They say i "wanna be " #lol #apple #mac #Microsoft
274355753001836545	positive	With Personal Electronics, #Xbox is #Microsoft's Ace-in-Hole http://t.co/4ydEFmpV #tech
276182330392064001	negative	@GeordieGuy Lane Cove, it's not near Len Wallis though.  Much closer to burning #Microsoft and #3m (and me?) to the ground. @mtats
276110639183822848	positive	#Microsoft #News: "Analysts still bullish on Microsoft's Windows Phone â€” just not as much - San Jose Mercury News" http://t.co/PamCTLVf
270363808357302272	positive	RT @Jvanover1: Is it me or does #Microsoft seem more creative than #apple lately. Considering getting a windows phone. Apple will play out
270179846531997696	positive	Instant message capability with #Windows Live contacts directly through #Microsoft #Lync http://t.co/IHt7GFby
274834350787395584	negative	RT #Microsoft likes to deceive & #mislead #Windows8 slower out of the traps than predecessor Windows 7 http://t.co/6jVppnKH #tech #truth
269278644789194753	positive	#Microsoft CEO: 'Android is wild, Apple too controlled, but we have best of both' http://t.co/JnARRj7H
274945478871875584	negative	Microsoft's implementation of banner ads on the recent Skype update for iPhone is just plain poor form. #Microsoft #Skype
272774584489623552	negative	.@nobledfender I like anything that is not #Microsoft.  However, #Chrome makes me nervous - am trying to get away fm #google
271716916199059456	positive	If you're telling me that #Apple is STILL more innovative than #Microsoft, please, take a lap. #StopTalking #NoWayInHell
274090780338028545	negative	#Microsoft says freezing issues associated with latest dash update have been fixed
272701052787245056	negative	Mainstream support for #Windows8 will end in 2018 and extended in 2023 http://t.co/Hrapn7DK #Microsoft
270036449187995648	positive	RT @bojassom: #3DKindio helps blind people navigate around their surroundings using #Microsoft #Kinect done by @QatarUniversity students #TEDxYouthDoha
269612401878515715	negative	#Microsoft store @ the #Yorkdalemall #whatajoke
270287392659869696	positive	a few new bits for testing this week #microsoft #windowsserver2012 #office2013 http://t.co/orntpooX
275592177143402496	positive	RT @ibf: How the #digitalworkplace is changing work and life. Keynote by @paulmillersays at #Microsoft on video http://t.co/tjkiFX02
270101324362833920	negative	thanks to windows 8, my touch laptop doesn't support gestures any more #lenovo #x220t #microsoft #win8
271690701132152833	positive	#Xbox set-top box out before Christmas 2013, according to a new: #Microsoft will release a console described as ... http://t.co/BzLRfI18
268761264233250816	positive	@Anexinet is excited to attend #PhillyCC stop by to speak with us about great opportunities w #ASP.Net and other #Microsoft technologies.
272649324628951040	negative	RT @SunnJellie: #Apple Snow Leopard for $20 vs. #Microsoft Windows 8 for $200... SERIOUSLY??? What are those MS guys thinking about? #stupidness
268970359657754624	negative	So apparently an LA lawyer has sued #Microsoft claiming that his 32GB Surface gives him only 16GB of free space.
273715000940564480	positive	RT @TechnoEnjoy: #BingTranslator gets updated for Windows Phone 8, available now in the Store http://t.co/u4RGgO18 #Bing #MICROSOFT #Questionity
272089335610880000	positive	Report: Windows Store exceeds 20,000 Windows 8 apps mark #microsoft #windows8 http://t.co/EAFocGyC
271389182935584768	negative	No #calDAV support in #Microsoft #outlook can I call this ignorance or?
273414992202702849	negative	Renowned analyst Gene #Munster and several other specialists Piper #Jaffray, held at the #Apple Store and the #Microsoft Store more ,,,
270858175064993793	positive	#Microsoft announces Big Compute  capabilities for Windows Azure: http://t.co/QCNmP2Ec
268458264356868097	positive	#Wyoming approves grant for #Microsoftâ€™s #methane-powered #datacenter - http://t.co/iKFqfINy #DCIM
268797346542911488	negative	That did not take long â€“ #Microsoft faced with Class Action Law Suit about #Surface storage http://t.co/Q5eI4PL7
270711336277798913	negative	RT @Politics_PR: The #OpSLAM idiots are boycotting #MSNBC advertisers but wont boycott the MS in NBC which is #Microsoft <-Wipe your systems losers
270016866825670657	positive	I love #windows8 is the best operating system ever!!! Yes, is on my mac people! I just love it!  #developer #happy #awesome #Microsoft
273672678970359809	positive	Windows Phone 8 Update Will Reportedly Include VPN Support, Audio Improvements http://t.co/OGwzDdln #microsoft #mobileworldcongress
273755454264459264	positive	RT @MicrosoftIndia: #Microsoft announced cash grants worth 350,000 USD for Indian NGO's to train 80,000 youth. Know more about #YouthSpark:http://t.co/yE2CLbz8
271497144324726784	negative	Duck!  Brutal Chart For #Microsoft: All The Kids Want #iPads, Almost None Want The #Surface (AAPL, #MSFT, #GOOG, AMZN)...
269546748790308864	positive	@Ace_KYD: @Windows 8 is the best thing that has happened so far this decade. I love the super cool features. Kudos #Microsoft
275546382595661825	positive	RT @pcshortcuts: Excellent tip, #Microsoft #PowerPoint, using Slide Master, http://t.co/h9zwcWVu #tip
273037166916014080	positive	Top-Stories: Microsoft to Launch Windows Phone 7.8 on Wednesday [RUMOR] http://t.co/OWFOvLZa #Launch #Microsoft
269576740555345920	positive	RT @CandaceBailey5: Love this. â€œ@SaraUnderwood: Keeping warm with @CandaceBailey5 at the #Microsoft campus in Washington :) http://t.co/1nKWWmWnâ€?
269284762005426176	positive	#Microsoft could have just possibly made the best commercial evern. #surface
269022452246523904	negative	Ballmer praises Sinofsky, still no reason for exit #microsoft #steve http://t.co/Y6bNeGwp #neowin
270338114294280192	positive	The #microsoft commercial perked me up more then the #ama's
274618638315696128	positive	#Microsoft Surface Pro Price Lower Than Expected http://t.co/SLrSWTRS
275275814600327168	positive	#Microsoft may bring #music player to #SkyDrive, codes reveal http://t.co/qnQzPUX7
269280997743419393	positive	@winningguy @absolutely_abby Nelson, great point. @surface is  certainly the latest technology. #microsoft
276044066607742978	negative	RT @NotPhilSchiller: #Apple made History. #Microsoft just copied it. Cc @Balmmdogg http://t.co/WRDlwagv
270026553050681345	negative	Latest version of #thunderbird (in #ubuntu at least) is malware; don't upgrade to it, it's #Microsoft #spyware http://t.co/qOZ94hFj
275971990161092608	negative	Major business magazine says Surface is 'doomed' because of viruses, forgets it can't get Windo #surface #microsoft http://t.co/fweUfYtZ
273711579986550784	negative	BF with my windows OS, come on be serious folks..#microsoft #windows
273224355918532610	negative	RT @FortuneMagazine: 11 #Apple iPads per hour vs. zero #Microsoft Surface tablets: http://t.co/7noviAq7
273295235776380928	positive	RT @ifarmer: The new 'underdog' Microsoft has a lot going for it http://t.co/u3fTYurt #microsoft
270936970811809792	positive	#Skype version 3.0 arrives on #Android devices: #Microsoft login, refreshed tablet UI (hands-on) via @engadget
270856925544054784	negative	#chemtrails contain aluminum, barium (rat poison), dessicated (dried) blood, & mold rainbow. #Cilantro 2 detox. #billgates #microsoft funded
270041768924442624	negative	#Microsoft shakeup is this trouble for #Windows or #Xbox360? http://t.co/HiXfk8oI
276151566707339264	positive	I have a Zune again :D so glad to get rid of that Apple crap product â™¥ #Microsoft
273527553220804608	negative	#Microsoft's going to make it pricier to bring your iOS device to work http://t.co/e3F8Rdr8 < BYOD is getting more expensive
272768767732359168	negative	RT @justingrammer: Help please, anybody any experience of getting #Microsoft #office 2010 working on windows 8. Acer Aspire One so no disc drive. Ta!
276045151502233600	negative	#Apple is taking over. #Microsoft is going down. Steve Ballmer's Nightmare Is Coming True - Yahoo! Finance http://t.co/xAlNOMGj
273526165325611008	positive	RT @microsoftcanada: Do you use #Skype for business? Reach business partners instantly with #Skype on your #windowsphone. #Microsoft
272167061290090496	negative	â€œ@NeowinFeed: Windows XP support from Microsoft ends in 500 days #microsoft #windowsxp http://t.co/9wwour9V #neowinâ€? shoulda been 500 ago.
274468602327994368	positive	#Microsoft Said to Plan Next #Xbox Console for 2013 Holiday Season (Bloomberg) - http://t.co/Nxzn1Who
271821103163387904	positive	Xbox TV Reportedly Incoming In 2013 http://t.co/0UkItgQe #Microsoft #Xbox
269550121388216320	positive	Ultra-fast boot & shut down process, smooth navigation with new start page and super effective media viewers! That's @Windows 8! #Microsoft
273678230253342720	negative	Signed in with my Live ID (username is my gmail address) and now it's spoofing gmail. #Microsoft - you are losing the plot.
275519063646674945	positive	RT @oshadac: #Microsoft Working On A Low-Cost OS That Can Be Upgraded Annually [Rumor] "#Windows #Blue"        http://t.co/cdm562n1
268607734348386304	positive	New extended IE10 video slams Apple's Safari for iPad #microsoft #internetexplorer10 http://t.co/f6hQQWT8
269319172465508352	positive	#Microsoft making inroads in the phone market with 139% sales jump in Q3 http://t.co/M19BScP7
271529321389252608	positive	#Microsoft #News: "Microsoft enters tablet arena with solid offering - Philadelphia Inquirer" http://t.co/iwjipahM
272061321820925952	positive	#Microsoft Said to Debut ' #XBox TV' in 2013 - The Next Web: According to reports, #Microsoft are launching a se... http://t.co/rEbmr1Um
271155632978141184	negative	The learning curve to deal with a product that sucks is steep. http://t.co/TkuNMZrn #Microsoft #Surface
275963282433658881	negative	#Microsoft fail. Is there a real fix for #WinSxs?
273632878435393536	positive	Windows Phone 8 Update Will Reportedly Include VPN Support,... http://t.co/I10RwJOS #Uncategorized #WindowsPhone8 #microsoft #windowsphone
271011372786151424	negative	When is that #notepad in #Microsoft #Windows will be able to recognize unix line endings?
276148100584841216	negative	In the same vein, "Steve Ballmer's Nightmare comes true" http://t.co/9M6dC3FA cc @fpace #microsoft #theend
274355091400704000	negative	#Microsoft Details Surface Pro Pricing Amidst Reports of Poor Sales of RT Version http://t.co/witWLfuw
271159596314398720	negative	The Beginning of Microsoft's End? http://t.co/hd2gAvGp by @IT_ToddNIelsen #Microsoft #MSP #VAR
271191973438840832	negative	RT @BogdanSPD: Microsoft confirms Windows 8 upgrade issues for PayPal users http://t.co/GyaT0P2i #Microsoft #Windows8 #PayPal #bug
275399618278350848	positive	Steam stats show its Windows 8 users already outnumber Mac OS http://t.co/aEfDr0D6 #steam #microsoft #windows8
269468798992670720	negative	Survey: Most people not considering upgrading to Windows 8 #microsoft #apple http://t.co/5Mv6sYpE #neowin
272285258853019648	positive	Microsoft making its own glasses? Patent application suggests so - Los Angeles Times: http://t.co/xtXLAmbr #microsoft
276220631249477633	positive	#Microsoft #launches Socl into #Beta, brings the part(ies) to #socialnetworking http://t.co/zY1UNdMH
269583893051625473	positive	4 ways to make money in high #tech - #microsoft CEO Steve Ballmer -  http://t.co/tCaY1GPr
269061396795371520	negative	#Microsoft facing tough task to get #WindowsRT into enterprises http://t.co/FXKwBt40
273528816238989312	positive	RT @NeowinMicrosoft: Microsoft: http://t.co/atMC2ugH now has 25 million users #microsoft #outlok.com http://t.co/tz64ACRK
272197111536316416	positive	#Microsoftâ€™s Greater #China VP says #WindowsPhone 7.8 to launch in the â€˜coming weeksâ€™ http://t.co/aFHA9iYD #Foz #Design
276116227846463488	negative	Five ways the #iPad beats the #Surface RT http://t.co/gqV8ITLl #Microsoft #Apple
274654755110928385	positive	#Microsoft #News: "Windows Blue: How it could reinvent Windows (or sink Windows 8) - PCWorld" http://t.co/bKx93fCA
268793823348539392	positive	My brother's new toy #Surface #Microsoft #jealous http://t.co/Sj4NnzEj
276224058343964672	negative	We are #MicroSoft. You will be assimilated. #Resistance is futile. -Attributed to B.G., #Gill Bates
274127443420393472	negative	RT @RobBuckley: Woo hoo! RT @BusinessCloud9: "Windows 8 is the last Windows release #Microsoft will do" @NetSuite CEO @ZachNelson #bcs12
273414602895798272	positive	RT @edwardBase22: Windows Phone 7.8 rumored to launch this week  via @CNET #microsoft http://t.co/fqn2yRnm
270895822957330432	positive	Looked at the #Lumina920 yesterday,  nice phone,couldn't decide if icons R better than tiles.  #Microsoft has its work to change people.
272905372375867394	negative	RT @joybaby1992: Need #xboxlive refund. Son banned for changing avatar color. So stupid! #microsoft and #xbox need to reevaluate some rules. Kid didn't know.
270394643387146241	positive	Top 15 iPhone 5 Disappointments... #apple best watch out 4 #Microsoft #windows8 phones... #iphone5s best be spectacular http://t.co/N5bexfBA
273792053819891712	negative	At #Microsoft setting up for a presentation. I wonder if I will get shot at for busing out an iPad.
276079902510419968	negative	An opinion about Windows tablet: Why the Microsoft Surface is Doomed http://t.co/noMDXkxD #Microsoft #Surface #Business
272641781252890624	positive	RT @muntaqa: The #windows8 ad on tv is actually very catchy. Job well done #microsoft. Now lets hope the OS is safe, secure and fast!
269661325960048640	negative	Black Ops 3 is still a little ways off, wouldn't you say Microsoft? #blackops #callofduty #microsoft #xbox # http://t.co/aAJKyJ9v
276185560157143040	positive	Early xmas present to myself #microsoft #surface #nerd http://t.co/UKP0SZMF
271984133989859328	negative	The irony of playing The Rolling Stone's "Start Me Up" on a Windows 8 PC...  #giveusbackthestartbutton #windows8 #microsoft
275330837074046976	positive	#Microsoft Is Building A Poop-Powered Data Center - http://t.co/7nGw7SqF sustainable indeed. Wanna see how this turns out
275970842041659392	negative	Trying to get Advanced Calling Features to work within #Microsoft #Lync Multitenant. Anyone got Response Groups working for example?
274908448460767235	positive	Windows Phone Store now lets users install apps from SD cards #microsoft #windowsphone http://t.co/hrFxJG6m #neowin
275205317657239552	positive	100% mind blowing stuff at http://t.co/bLYzal0s by #Microsoft. Just implemented my 2 first apps using my iPad and my S2... :-O @jamaa
274345358438584320	negative	RT @7evenStarz: Fuck you #Microsoft for installing an update without asking me when I was USING my computer. #windows @Microsoft @windows
268686487179104256	positive	thanks #Microsoft for not releasing a PC version of #HALO 4!!! still hopeful on my graduation.. :)
271836739021176832	positive	#Microsoft working on something similar to #Google-Glass: so sadly to my #Seri 'we had a great time ...but ' http://t.co/0Ixo4YJ3
273417900684083200	positive	#Microsoft #Cloud Adding Cloud Solutions to Your Microsoft Practice - Microsoft U.S. ...: Incremental benef... http://t.co/5GzedFNE #TCN
274280485805514752	positive	4-5 hours battery life is not that bad for such a tablet compared with others. #microsoft #surface
269131459154030592	positive	Sneak peek inside #Microsoftâ€™s first Canadian retail store, set to open Friday in Toronto http://t.co/MTKHvOJh
269388756690292736	positive	think #microsoft #surface is pretty cool, although it needs to be cheaper, alot cheaper, its way out of impulse buy territory at the moment
269316362684481536	positive	#Microsoft Completes Its Purchase Of Cloud-Integrated Storage Solution Provider #StorSimple - #I2Mag http://t.co/qhvVU46u
270405800026062848	positive	I wish this game was still going. #xboxlive #xbox #xbox360 #1vs100 #bringitback #microsoft http://t.co/54HQNx0E
273677397923074048	negative	BIT service is responsible for download updates from #Microsoft in background, i couldn't fix this problem without resotre image copy :D
272280481486225408	negative	RTâ€œ@KamalFaridi: Turkish hackers have hacked over 100 .pk websites including #Google, #Microsoft, #Yahoo, #HP and others!â€?
270638299931103233	negative	#Dell studio 1558 #bluetooth #driver not compatible with #windows8. How to troubleshoot? #Microsoft #Win8 #WinRT http://t.co/YbdsTw5a
268346199692697600	negative	@klustout Since he was responsible for #Windows8, #Sinofsky should have been tarred & feathered before driven out of #Microsoft. ;) #NScnn
273640176046190592	positive	RT @bnotions: Microsoft gets patent on augmented reality glasses as 'AR wars' start - http://t.co/WkahvI2X - #AR #microsoft
274542473508962304	negative	So I've been to 7 stores looking for a copy of Windows 7 and no one has one. Has #Microsoft ordered it off shelves in #Dubai ?
271387806096580608	positive	#Microsoft Stores kicking off #BlackFriday sales on Thursday http://t.co/O2xgzHdy
272141323102986240	negative	RT @nickmcquire: #Barclay's UK buys largest country order 8.5k #ipads 2 transform customer srvc w #mobileapps. Beats #Microsoft #Surface http://t.co/JwgO4TVI
270404438940856320	negative	Breaking: Head of #Microsoft's #Windows 8 unit steps down http://t.co/sy7xw3tU
268721275168505856	positive	#Microsoft Webinar Series TODAY 1pm: Introduction to Microsoft Office 2013 - http://t.co/Owk6CCQx
271714892485115904	positive	RT @dan_germain: 3000 Sq Foot of #Microsoft #Surface goodness overlooking the Christmas market in #Manchester!!  http://t.co/wkqwSTxZ
274278949201268736	positive	iPad rival Microsoft Surface comes January http://t.co/ghmy1DdK #comes #iPad #January #Microsoft #Rival
272702363297529856	positive	#Windows 95 featured the first appearance of the Start menu, taskbar, and minimize, maximize, and close buttons on each window. #microsoft
274650091497848832	positive	I just upgraded from Windows Live Messenger to #Skype. It was easy and seamless... now I need one less app installed! Thanks #Microsoft!
269320638999707648	positive	RT @tomshardware: #Microsoft CEO: #Apple Products Too Expensive, #Android Too Wild - http://t.co/PJQz7god
271414077161603072	positive	Amazon listing points to unannounced Xbox 360 with Kinect Nike+... http://t.co/ULuckP3k #amazon #Gaming #Kinect #microsoft #engadget #tech
271945773149716480	negative	Report: Resident Evil Revelations Coming to Consoles http://t.co/VDvHWLx9 #3DS #Microsoft #PS3 #ResidentEvil #Sony
273631866156875777	negative	@Petchary Can't imagine why they couldn't come up with a  better name! #Surface #Microsoft
271988859825430528	negative	Not sure if this is piling-on or just a reality check: Microsoft's future looks grim | Mercury News - http://t.co/ksK4YrWl #Microsoft $MSFT
270289202648870915	negative	Sinofsky is still under Microsoft's payroll until end of 2012 #microsoft #stevensinofksy http://t.co/drWBc74I
272550596236685312	negative	A #Microsoft Certified Systems Engineer is to computing what a #McDonalds Certified Food Specialist is to fine cuisine #afb
273078910860808193	positive	Microsoft building Xbox Surface gaming tablet? #mHealth #Gamification #SocialGame #Microsoft #xBox http://t.co/hSpy0cbk
275887276058357761	negative	Two files 'lost' on my system this morning, found them in recycle bin! How the heck would they get there on their own? #microsoft #windows
274465509649563648	negative	#Microsoft #News: "Microsoft Windows 8 makes lukewarm debut: sales tracker - Reuters" http://t.co/bdFbiiBf
268604954271420418	positive	Microsoft sees Halo 4 rake in $220 million in sales on launch day As if you... http://t.co/6KHKjOwd #News #220 #HALO #launch #Microsoft
269015507120844801	positive	Microsoft says that IE10 absolutely shines on WIndows 8. What do you think? http://t.co/AOu16bVo #Microsoft #Windows8 #IE10 #browser
275318052080463873	negative	RT @Michael_Kehoe: #Microsoft technologies fade including CRM - Steve Ballmer's nightmare is coming true.  #Salesforce http://t.co/3suGEcUW @benioff
268868019470622720	negative	#Microsoft's Windows Executive Resigns, Cites #Windows 8's Lack of App Action http://t.co/GTUb3t2u
272812049942315009	positive	End of Smartphones"- http://t.co/6uk2tReW - Not yet.. but #microsoft and #google race to be first with first mover advantage.
271878338153414657	positive	RT @msftsecurity: #Retweet this if your organization has benefited from using free #Microsoft #security tools. #InfoSec
269131459049185281	positive	Sneak peek inside #Microsoftâ€™s first Canadian retail store, set to open Friday in Toronto http://t.co/Aj1TgijN
275152146859692032	positive	IE and Google Chrome remain the world's top browsers http://t.co/VeO0FlWm #IE #Google #Chrome #browser #software  #Microsoft
276002930853834753	negative	Mary Meeker report on Internet details OS market and smartphone disruption http://t.co/raDq6GCo #microsoft #android #ios
271643266682863616	positive	@coolsport00 @vmtrooper that was a #win for #Microsoft . One of the best things they did with office
275124859560947712	negative	RT @AFP: #Microsoft and #Google in bitter catfight over online shopping http://t.co/XlqO3V7R #AFP
269287482066087937	negative	If #W8 4 phones fails 2 impress d customers, #Nokia'll post further losses resulting in selling d firm 2 #Microsoft http://t.co/cOxdSu8B
274166615900295168	positive	#Dell & #Microsoft launch end-to-end VDI solution for education/government http://t.co/uV6KBdqA
275479649369350144	positive	#Nokia RT @iChris701: After #WindowsPhon 8 launch, #Microsoft says app downloads and developer revenue have doubled â€” http://t.co/0P3hVSfs
271906790952800256	positive	To change or to not - How #Microsoft re-created the new Windows UI - desktop, tablet and mobile http://t.co/PfCKoFki
273638639202869249	positive	Thank you #Microsoft for all the free goodies. lol #xbox360 #nerds #gamers #plug #superplug love the unexpec http://t.co/K778pLS2
269621091276820480	negative	#Microsoft pushes IE 9 tweak via Windows Update to close three critical security... http://t.co/fXVe3dQA via @nakedsecurity
268911734566305792	negative	OH: #Microsoft #MVP s are old and grumpy. Even enterprise needs a little Web 2.0.
272905477426397184	negative	#WindowsPhone8 Sales at #Microsoft Store: Few Black Friday Buyers for #WP8 http://t.co/kXBGCvop via @thevarguy
275173086423285760	positive	(Tech) #Microsoft and #Google race for online shopping
275502657727238144	positive	Code hints #Microsoft may add direct #music playback to #SkyDrive: Microsoft has been busyâ€¦ http://t.co/pb2QMZPX
275210820949000192	positive	#MICROSOFT.#tech. @skynapse is out! http://t.co/jEUPsCq9 â–¸ Top stories today via @SellingSales @infoworld
275481185369608193	positive	#Microsoft Expands #Windows Phone Store To 42 New Markets, Bringing Total Now To 113 - #I2Mag http://t.co/StEcXrIN
268723416062914560	negative	Dynamics CRM 2011: Troubleshoot Outlook Crashes http://t.co/QS7J0wN5 #microsoft
271310429786087424	negative	RT @SSgt93: Listen up #Microsoft. I got you, you have a new tablet out. Can I have my TV back now? Thanks
275051932706541568	positive	RT @TVCatchup: RT @msanywhere: TVCatchup Windows 8 app released; watch live UK TV shows for free #microsoft #windows8 http://t.co/rVN5jlrJ #microsoft
271650621298466816	positive	RT @elodie_batista: Azure Overview yesterday at #Microsoft #SanFrancisco with @baynetug. Thanks for this great m... http://t.co/hABUPxQi
271984182576685056	positive	Microsoft patents smart glasses with augmented reality http://t.co/asqZF37q #microsoft #augmented #reality
268676068947419136	positive	Looking forward to the #Microsoft session on New World of Work at #WORKTECH London at 1:30pm today.
275587715548999681	positive	#Microsoft Goes After #Google With â€˜Scroogledâ€™ Ad [Video] - #PSFK http://t.co/GfQlMO1U
273901404064718848	positive	#Microsoft #78 #8 #phone #Windows Windows Phone 7.8 update coming in â€˜early 2013â€² http://t.co/Y9SYXEEf #BeCreative
271234834091888640	negative	I'm guessing iOS devices don't work with Surface #microsoft #surface
274619495237156864	negative	RT @OSSInsider: WHY HALO IS FAILING http://t.co/6mV4m7Pf via @Ke7Chum ~ #Halo4 #Halo #Xbox #MicroSoft #MLG
275849932110438400	positive	#Microsoft Dynamics AX 2012 delivers new capabilities and value to customers http://t.co/ntjJonN5
274050747950321665	positive	Enjoyed spending 2 hours setting up SMTP on my server last night. Thank you #Microsoft #whatafaff ;)
268534480266993664	positive	State of #Microsoft: Windows 8 slips on Amazon, Surface is easy to get and is 16k apps enough? http://t.co/ZSfxBlXp
275091305686769664	negative	#Microsoft latest blunder: Surface's Pro Battery Life "About 1/2" of #surface, less than 40% of #ipad, #nocompetition http://t.co/xc0ngMhB
271159709891981312	negative	Activation flaw gifts pirates legitimate Windows 8 #microsoft #windows8 http://t.co/UgYOsYDf #win8 #windows
273942407622578176	positive	#Windows Phone sales quadruple, 7.8 update coming early 2013: http://t.co/vbkjztmh | #Microsoft
268792009039417344	positive	#Windows8 is bloody amazing! big ups #Microsoft i love u guys
273409848060825600	negative	How tech giants are like feudal lords and users are like serfs: http://t.co/xwoxriZI | #Google #Apple #Protection #Microsoft #relationship
271536596631834624	negative	RT @CIM_se An example from #Microsoft of how not to use a celebrity to endorse a product: http://t.co/rnUNi5Bp #Surface #Oprah #marketing
271345618767720448	negative	I wonder if @Microsoft ever retweeted any of @applespotlight 's tweets.or vice versa  :p haha #Microsoft #Apple.
272198157427945472	negative	Seems very messy-->"Microsoft Insiders On Windows Head Steven Sinofsky leaving" http://t.co/fxb616sh #Microsoft
269136220242735104	negative	Whoever was in charge of designing the navigation system for #Microsoft Word needs to be shot.. its the most dumbest thing i have ever used!
270398514935234560	negative	#Microsoft Got The Low Early Sales #Windows 8 Numbers, Below Than Whatâ€™s The Company Expecting - #I2Mag http://t.co/3r7q33ku
273792091115634688	positive	The success of #Windows 8 due to aggressive marketing policy experts #Microsoft.
271642503864795136	negative	Analysts turn negative on Windows 8 prospects http://t.co/0RfFxaID via @CNET  #microsoft #Windows
269052568083251200	negative	I hate the Windows phone calendar so much. #Microsoft #Nokia
272057415594291201	positive	I'm working how Increase the Followership of #Microsoft #WindowsPhone8 ... So amazing facts coming Up... May get me a #Job in #Microsoft
273562446390759425	negative	RT @JarrodSwan: #Microsoft Is About To Make It More expensive To #BYOD To Work: http://t.co/kIYEgLRW
273041541650591745	positive	#Microsoft going pretty agressive with #Win8 pricing, I can get  #Wn8 for $40 bucks at Microsoft Store digital download,not finding #Win7
274205757258477568	positive	RT @Miss604: RT @GlobalBC: #Microsoft opening major video game studio in Vancouver's Yaletown http://t.co/c0rA1Z1s
273933013560221697	negative	Xbox why you take so long to do update?? #microsoft #xbox #updates #huluplus
273677056255078400	positive	#Microsoft Targets Growing #Mobile Workforce With 15% Hike In Corporate User Licensing Fees http://t.co/fNKwA6LY
270557327587942400	negative	Usability expert Jakob Nielsen: Windows 8 UI is disappointing #microsoft #windows8 http://t.co/kJBe6dHY #win8 #windows
276002285136539648	negative	RT @greeneant: App Developers Shun Microsoft's Surface http://t.co/jYGFXYMd #microsoft #tablet #trouble
273000454106005504	negative	@Danie_Bester I am done with #Microsoft. Attempting to buy Win 8 online for 2 days at the special price, but cannot. ..#nevahold
272279682303549441	positive	#Microsoft Is Building An #Xbox Set-Top Box To Compete With #Apple TV [Rumor] http://t.co/J48kZ1eo
273564406439362561	negative	RT @SAI Here's Everything We Know About The Alleged #Fraud At #Microsoft's #PR Agency by @Jim_Edwards http://t.co/K0qtYlTs #SAI
274541551722586112	positive	Scott Guthrie of #Microsoft discusses the new cloud app model of #SharePoint 2013 http://t.co/rG2WaMLj
275746457292775425	positive	Easily share your photos with others - #microsoft #windows  http://t.co/hnwiE3rL
270937576964243457	positive	#Skype version 3.0 arrives on #Android devices: #Microsoft login, refreshed tablet UI (#handson) http://t.co/iMRilkEK
274944926423347201	negative	#Microsoft should allow downgrades from #Windows8 to #Windows7 for free. 8 was meant for touchscreens. not laptops. not working well
273597061922959361	positive	Meet your Match with Windows Phone 8 http://t.co/9SBvCdLA #microsoft
274125638145818624	positive	RT @mobileworldlive: #Microsoft CEO: #WindowsPhone sales on the up  http://t.co/E84Wd1Ci
274766996124606464	positive	Windows Phone Store opens up in 42 more markets #microsoft #windowsphone8 http://t.co/zVDCaJ7O
274653247166365696	positive	#Windows8 is a little different than what we're used to but don't be so quick to not like it. #Microsoft is efficient!
272204701032931329	positive	Microsoft's Windows Phone 7.8 coming soon in next few weeks, says Microsoft executive. http://t.co/BpPvWDkv #WindowsPhone7.8 #Microsoft
272602475096330240	negative	RT @actsclan: @Toni_Street how do u find the #windowsphone? I find ots just like any #Microsoft product, some of the apps keep crashing. WBU
273861781179494401	negative	#Microsoft: "What does everyone want from our new OS? BIGGER DESKTOP ICONS!!" Ugh. Eat a dick.
271046863753449472	negative	#microsoft when will you learn from your past mistakes? http://t.co/a8eE3jGv UX UX UX remember your users!
271650185665445889	positive	Azure Overview yesterday at #Microsoft #SanFrancisco with @baynetug. Thanks for this great meetup :)
271648137410650112	negative	If you start at 6 with an #iPad would you ever buy #Microsoft? via @businessinsider Will Microsoft lose pc-buyers? http://t.co/m8dbKotI
275556008284266496	positive	Become a Time Traveler with ChronoZoom. Nice #Microsoft #Research project.  http://t.co/5BXs8xW2. This can be a great learning tool! #UX
271478337661202432	positive	If Microsoft Built Cars...  http://t.co/6btgjayA  #BillGates #cars #computers #Microsoft #Windows
270519479337881600	positive	Happy 10th #Microsoft Xbox :) http://t.co/2MuHNLJA
273943298194939905	positive	Surprisingly this thing was pretty cool. Genius partnership between #microsoft and @southwestair http://t.co/NLtcuM3R
269210673291096064	positive	Great #SPC12 #SharePoint Conference. Well gone #Microsoft, the speakers, exhibitors & @SPConf :-)
274876579245613056	positive	Ad of the Day: Internet Explorer http://t.co/sxQwKqL2 #Ads #IE #Microsoft
269580493706637312	negative	Whispers are out that early sales of Windows 8 are far below #Microsoftâ€™s expectations http://t.co/W8fS0stc
268874267603648512	positive	Steve Wozniak: Microsoft might be more innovative than Apple #microsoft #windows8 http://t.co/SRx6G7ZH
273030377516445696	positive	#Microsoft to Launch Windows Phone 7.8 on Wednesday [RUMOR]: Microsoft will release the nextâ€¦ http://t.co/XdUBGjui
268573760259518464	negative	#Microsoft divisions need to collaborate more and better , should use #googleapps !  http://t.co/FP5DNHEd via @CNET
271609673734557697	negative	RT @fasuke: And the copying continues #Microsoft http://t.co/heAbPYee
271802090022641664	positive	I think Steve Jobs is somehow reincarnated at #Microsoft. Every fiber of my being wants to hate #Surface, but I can't bring myself to!!
272155607480532992	positive	RT @Ranthercom: #Microsoft Patents Smart Glasses With Augmented Reality http://t.co/fzKm6snr #Invention #Patent #GoogleGlass #Gadget
273605721529122816	negative	Still waiting for my #xbox to update... Sometimes i really hate you #Microsoft
271007541608206336	positive	RT @_james_lopez: @Oprah likes her #iPad, but the #surface from #microsoft is still one of her #FavoriteThings - get yours :) http://t.co/j8fSs9cR #obcidio
274831680894816256	positive	the AWESOME IE ad. > http://t.co/LTYlwh5s #Microsoft #Tech
276302980079312897	negative	#Microsoftâ€™s Steven #Guggenheimer: Steven #Sinofsky Is A â€œPhenomenal Visionaryâ€? â€“ Will Be Missed At Microsoft http://t.co/gQSWvM5r
274954803795329025	positive	Free eBook: #Microsoft #Office365: Connect & Collaborate Virtually Anywhere, Anytime   #smallbiz #SMB #entreprenuer - http://t.co/bIYKSSld
269132108516192256	negative	#Microsoft Sued Because It Overloaded Surface Tablet With Pre-Installed Apps http://t.co/lOXNq4Fc
270252069703806976	positive	not gonna lie, but Bill Gates > Steve Jobs ok #microsoft #apple
275128096078823425	positive	Most Honest Seach Engine vs. tranparency?! >>>>>>>>>>>>>> #Microsoft and #Google race for online shopping http://t.co/aafbqiHa
272839287484071936	negative	I don't really get the "protected view" in the newer #Microsoft suite. It's just another button I have to click and doesn't protect the doc.
274732601690947584	positive	RT @WindowsAzure: 10 Startups. 3 Months. Unlimited Innovation. #Microsoft Accelerator for #WindowsAzure - Check 'em out: http://t.co/u2dINWR2
270861666462359552	negative	Why did the #Microsoft #Kin phones fail in 2010? They were lousy products http://t.co/XisBU3BU
271083180759588864	positive	Kinect for Windows being used to put patients at ease #kinect #microsoft http://t.co/gcwO3lcl
271078718598950912	positive	RT @Poop_Project: Way to go @BillGates ! New #Microsoft plant in #Wyoming will be powered by #poop! http://t.co/5EpwFRSN
273936010440744961	positive	#Microsoft gets nasty with #Scroogle anti-Google site http://t.co/G5ximsmK via @PSBJ
270437714497785856	positive	#Microsoft IE10: Fast, Fluid, Perfect for Touch, and Available Now for #Windows 7 http://t.co/uIytMv8C
272498176362180609	positive	#Microsoft Self Evaluate User Experience of Apps - http://t.co/dZjxxCtJ http://t.co/2LyK7m6c
274081280445001729	positive	#Microsoft: Windows Phone 7.8 is Coming in Early 2013 http://t.co/CSafUyqi
274831107856429056	positive	RT: #Microsoft gets patent on #augmentedreality glasses as ' #AR wars' start.. http://t.co/O5Y1N1sy: #Microsoft ... http://t.co/CzDLRZBf
274389043905699840	positive	Rumors on the next generation of gaming - what to expect from #orbis & #durango  #microsoft #sony #ps4 #xbox720 http://t.co/YogJFFLX
276300669097492480	negative	20 minutes and I'm still waiting on my computer to turn on.. classical combination of #microsoft and #dell
269170638319652865	positive	#Microsoft really hooked us up! I can't wait to see you all on Saturday! #Boston
272241959740006402	negative	Microsoftâ€™s Spy Camera patentâ€”while you watch movies, #Microsoft watches you. http://t.co/33EuJAUw #innovatrs #blog
273230069781131264	negative	Fuck #Microsoft: Microsoft to raise user licensing fees in response to 'BYOD' movement http://t.co/7QrMYjYk
271235135515537408	positive	#Microsoft launches sewage-powered data center http://t.co/Yom9Ghk8 via @foxnews #green #fuelcell # biogas #cloud
272284370369380352	positive	@PauloMorgado talking about What's new in .net 5.0" at #netponto http://t.co/cG7OqlC8 #microsoft
272095879610118144	negative	The #surface advert makes me laugh. Save your money #microsoft only a fool would buy something so lame.
273868503247900672	positive	RT @SQLServer: Watch the #Microsoft #BigData Webcast today before 6 pm PT for a chance to win a #SQLServer Executive Pack!Â Â http://t.co/nhCRsDeB
271487950318104577	negative	RT @mermaidsrcsluts: #Microsoft accidentally gifts pirates with a free Windows 8 Pro license key http://t.co/ndqYXZKt
270780919839866880	negative	Steven Sinofsky refused to build tablet support for Windows 7, frustrating Ballmer http://t.co/dUueNBTc #Microsoft
271153701522128898	positive	Skype update for Android adds tablet UI http://t.co/AR4sQnrO #microsoft #windows
274128616667889665	positive	Ballmer: #Microsoft should have entered tablet market earlier http://t.co/4DR7c67b
273074072135540736	positive	RT @IBMStorage: See how #IBM Storwize #V3700 #storage is ideal 4 midsize biz taming #data growth in #Microsoft environments http://t.co/TVk6aYP4 #IBMStorage
276082721829289984	positive	Got my @windowsphone #Lumia 920 yesterday and have been messing around all night and day. Very impressive!!! #microsoft #nokia
273710528977858560	negative	Google and Microsoft fall victim to Pakistani hack http://t.co/jEF1y7OO #google #microsoft
271082131420246016	positive	Kinect for Windows being used to put patients at ease #kinect #microsoft http://t.co/5mMKVxez
272573112497876993	positive	At #Microsoft, quality is job 1.1. #tfb
274241411010949121	negative	Every system upgrade on my xbox I see more ads and dashboard gets harder to use. Why do you keep doing this to us #microsoft ?
272280525018898433	negative	â€œ@nicolabortignon: #skype new icons are horrible well done #microsoft -.-â€? oh yes they are!
276266305752006656	negative	Not a single day without Microsoft attacking Google http://t.co/wx1z6OlP #Microsoft #Google #search #Scroogled
275271080376143873	positive	I love my #Microsoft #Surface and #Microsoft #SharePoint... especially together!!
273151411510968321	negative	Feature of the Day:  FICA Tax Sheltered Annunity Changes http://t.co/9LEbOqFR #microsoft
274421038748667904	negative	The Big-Boy #Microsoft #Surface Pro Comes at a Big-Boy Price http://t.co/VrZUpkBQ
274277856249520128	negative	#Microsoft #News: "Microsoft's Surface Pro Pricing Will Devastate Sales - PC Magazine" http://t.co/il9sRCDZ
269977283828252673	positive	Damn #Microsoft is on it's A Game. They're taking over with Xbox, The Surface, Windows 8, and their new phones
268422935780421632	negative	#Update #Microsoft MS12-073 - Moderate : Vulnerabilities in Microsoft Internet Information Services (IIS) Could ... http://t.co/I6opqNRa
275433587036286976	negative	Dear #Microsoft,  Just one #simple question, Why so many #UPDATES every now and then .....?????
270853493814853632	positive	@LuceyFund Thank you for following. We create #Microsoft #Access #database from rough #ideas, modify #existing ones http://t.co/uuXUTRxV
271349655026163712	positive	More rumors of upcoming Xbox TV set top box reported #microsoft #xbox360 http://t.co/LZ4dbpdx #win8 #windows
271089452217155584	negative	@ic3on3 I guess tons of apps doesn't mean anything actually useful in #Microsoft speak. I wonder if they ever TRY and tell the truth now?
270398422501163008	negative	Dear #Microsoft, it's me again. Why, for the love of fuck, can't your "find" box actually find anything in SP2010 datasheet view? #ffs
270027343953793026	positive	#German city says #OpenOffice shortcomings are forcing it back to #Microsoft http://t.co/P8RzYSNM
272592026829213696	negative	#Microsoft FIX UR SHIT OR I'M SWITCHING TO PS3 FOR GOOD
271230388242890753	positive	inside story bout #microsoft  research. no matter what, i like their new innovation agenda http://t.co/8LrbfcP6
268384518753366016	positive	Thanks @msgulfcommunity  @idc @mds for organizing awesome bootcamp for @Office365 #Microsoft #Office365 #Lync #bootcamp #dayEnd
269238636120268800	positive	Microsoft reveals the history of the Fresh Paint Windows 8 app #microsoft #windows8 http://t.co/LhUc8b2R
273677429602652160	positive	@rawahk --  #Microsoft said: We've sold 40 million Windows 8 licenses to date http://t.co/2ubDJNYm
274760298177634304	negative	Windows powered PC sales fall 21%. It's time #microsoft learnt the only bankable way out is imitating Apple like everybody else.
269313576920023040	negative	RT @EconBizFin: Poll: Will #Windows 8 be a failure? http://t.co/bsDAazxm #Microsoft
275129465443606528	positive	#Microsoft #News: "Microsoft: Google bad place to shop - http://t.co/tqFAHk8n" http://t.co/QCRsEZlO
273192285649379328	negative	tech news:  While on the decline, scam calls via Skype remain real issue http://t.co/yQrv58u4 #insider #microsoft
268675489118449664	negative	#Microsoft took a blow today in the stock prices due to Sinofsky's expedited and immediate departure -->http://t.co/8MaaZbsC
275966523254923265	positive	Our #Microsoft #Dynamics GP year-end event in Minneapolis is about to begin! http://t.co/oLp5O1L0
270447015295594496	negative	RT @BogdanSPD: Windows 8 Update Fails on KB2770917 http://t.co/MQbkQ9PP #Windows8 #update #Windows #Microsoft #error #bug
271382173733507072	negative	RT @schestowitz: #Microsoft Proves #Techrights Right by Screwing #UEFI â€˜Partnersâ€™ http://t.co/za1Q1qwW #linux
272246949317599232	positive	#Microsoft #Glass: Patent shows computer giant is considering #augmentedreality specs http://t.co/jtepcjq2
271411984824676353	negative	RT @MTD_Agency: Enormous #socialmedia fail from #Oprah for #Microsoft. http://t.co/wpBkX8LD via @Econsultancy
274018623373316096	positive	#Microsoft 's Ballmer admits drive to tablets was late, but lauds new Surface http://t.co/XuhSw3Um #tech
273828787131645952	positive	#Microsoft takes aim at #Googleâ€™s Shopping listings with new â€˜Donâ€™t get Scroogledâ€™ Bing campaign http://t.co/I3HJVQ3h
273905044401815552	negative	Now there's some effective advertising.... Not. #microsoft #fail http://t.co/gMooYeKC
271614952685584384	negative	All it took was a little $5 app - #Start8 - from @Stardock to put the Windows 8 experience back on track. Shame on you #Microsoft.
269278125282697217	negative	This is my Xbox... Fuck all this bullshit. It happens out of no where. Forces me to turn it off.. #Microsoft http://t.co/CDQBuM7z
270518594171965442	negative	Windows 8 far below expectations, to revive in 2013 http://t.co/xDs1dUnW #Windows8 #Microsoft #sales
276044376046698496	negative	Onenote RT doesn't support audio/video!!!!!! Can anyone at #Microsoft explain this decision for the #surface it just baffling!!!!!!
268343710138368001	negative	The Associated Press: #Microsoft says #Windows head Sinofsky leaving http://t.co/ZLDUNlJv
268759378063147009	positive	I've been offered an internship with #Microsoft working on the #Xbox . . . . #Delighted !!!
268566466075439104	positive	#Microsoft releases IE 10 browser for Windows 7 http://t.co/q2PHqRqi
274428271930781696	positive	#Microsoft Surface Pro Price & Release Date Announced http://t.co/4xWF5WfC #microsoftsurfacepro
274463789922021377	negative	Microsoft Details Surface Pro Pricing Amidst Reports of Poor Sales of RT Version - http://t.co/juIzk1WV #surface #pro #microsoft
273750722829512704	positive	from the Next Web - Skype for iOS updated with Microsoft account support, additional emoticons and... http://t.co/sohYAPQ5 #Apps #Microsoft
269095449103855617	positive	Congratulations Microsoft XBox Live! A decade of entertainment. Roll on the cupcakes :) #microsoft http://t.co/AtknnIlZ
275201382192119808	positive	NowPlaying is free for a limited time: http://t.co/fFWv1dN1  #wp #wpdev #microsoft
274467898473451520	negative	RT @TechZader: Two thirds of Windows Store apps made by 12% of developers #microsoft #windows8 http://t.co/CX4NRR6R
276001849289629696	negative	Agressive #worm infection leads to #banking #Trojan infection http://t.co/7EXSy3RQ #finance #security #infosec #malware #microsoft #windows
269318114267783168	positive	#Microsoft #Windows #VDA Licensing in Win 8 world. Clever n Confusing. If #VDI, death to #BYOD, Buy more Windows RT http://t.co/G4miIdnt
272495257436946432	negative	...its another day when I wish that Bill Gates was never born... the world without #Microsoft, would be much simpler...
273643465890471936	negative	Sometimes I dislike Tuesday if for none other than the fact that it is the day #Microsoft  @ Casa de mi mama http://t.co/THoTv6g6
273453046963523584	positive	About to head to class, then after to my internship at #Microsoft. God guid n protect me thru out this day n forgive me
271914749632073728	positive	#Microsoft reveals advantages of a connected workforce. http://t.co/wkcViI3d
269200380393562112	positive	Cloud-integrated Storage (CiS) & "Cloud OS vision" -RT @WindowsAzure: New #blog post: #MicrosoftÂ AcquiresÂ @StorSimpleÂ http://t.co/ozbfFOUh
272095483101581312	positive	Finally, a top-notch WYSIWYG web page... http://t.co/27G00Pru #Adobe #css #html #Microsoft #web #web-authoring #web-development #wysiwyg
269694455345455104	positive	RT @Heinrichsdobler: RT @Virtual_Patrick: #Microsoft partnership is the most important partnership to #Citrix #CitrixSynergy #CitrixSummit
269546511115894784	positive	#qatar #microsoft #windows8 #tech #software Office Professional Plus 2013 60-day trial now available for download http://t.co/Ttra5elw
270137299126329344	positive	#Microsoft outlines Play To for #Windows 8 developers, shows media sharing just a heartbeat away http://t.co/sLmg5GN0 #Foz #Design
275739943211520001	positive	#Microsoft Rumored To Deliver Three New Surface Tablets In 2013 http://t.co/b9Y1zK5j vÃ­a @TechCrunch
272704771696234498	positive	Windows 8 is available in 109 different languages. #windows #computing #windows8 #fact #microsoft #windows8launch
269394452630630400	negative	Analysis: New #Microsoft mantra after Sinofsky - teamwork (Reuters) - http://t.co/BDaYnFNs
269465426835165184	positive	The curtains drops to reveal the #microsoft store. http://t.co/kFpMe7U8